{"learning_rate": 0.2, "discount_rate": 0.9, "lookback_window": 5, "random_rate": 0.1, "commission": 0, "q_table": [[-0.4000000000000001, -0.19999999999999996, 0.0], [29.799999999999926, -0.8, 0.0], [-0.19999999999999996, -1.9999999999999998, 0.0], [-1.2, -1.2, 0.0], [-5.551115123125783e-17, 1.4, 0.0]], "value_over_time": [10000, 10072.048827999999, 10324.828125, 10065.879883000001, 10418.224609000003, 10541.891602000003, 10432.310547000003, 10432.310547000003, 10007.878907000004, 10053.132813000004, 9806.714844000006, 9806.714844000006, 9806.714844000006, 9785.865235000007, 9785.865235000007, 9785.865235000007, 10047.062501000006, 9775.654298000007, 9775.654298000007, 9257.886720000008, 9217.287111000007, 9217.287111000007, 9145.583009000007, 9108.278322000007, 9108.278322000007, 9030.676760000008, 9063.972658000008, 9382.450197000007, 9382.450197000007, 9170.803713000007, 9170.803713000007, 8983.301760000006, 8970.884279000005, 8972.224611000005, 6029.396486000005, 6029.396486000005, 5656.685060000005, 5465.437014000006, 5094.687502000005, 5094.687502000005, 5094.687502000005, 5094.687502000005, 5087.562991000005, 5087.562991000005, 5442.866213000006, 5442.866213000006, 5741.027346000005, 5741.027346000005, 5741.027346000005, 5491.436526000006, 5716.496584000006, 5716.496584000006, 5716.496584000006, 5724.5346700000055, 5724.5346700000055, 5724.5346700000055, 5724.5346700000055, 5724.5346700000055, 5653.126467000005, 6136.857912000005, 6039.628420000005, 6194.443850000004, 6194.443850000004, 6632.766116000003, 6632.766116000003, 6745.790042000004, 6745.790042000004, 6745.790042000004, 6745.790042000004, 7222.140139000003, 7387.5136740000025, 7387.5136740000025, 7387.5136740000025, 7387.5136740000025, 7625.280764000003, 7933.699221000004, 8050.418459000006, 8069.871584000006, 8179.599612000005, 8179.599612000005, 8179.599612000005, 8179.599612000005, 8318.715823000004, 8510.700198000004, 8510.700198000004, 8510.700198000004, 8510.700198000004, 8600.938480000004, 8862.258793000005, 8862.258793000005, 8862.258793000005, 8862.258793000005, 8862.258793000005, 8862.258793000005, 8862.258793000005, 9326.858403000006, 9789.250981000007, 9383.157231000007, 9383.157231000007, 9383.157231000007, 9434.037113000006, 9434.037113000006, 9434.037113000006, 9434.037113000006, 9536.279300000006, 9536.279300000006, 9536.279300000006, 9536.279300000006, 9461.746096000006, 9118.109377000006, 9118.109377000006, 9118.109377000006, 9118.109377000006, 9118.109377000006, 9118.109377000006, 9118.109377000006, 9241.066408000006, 9241.066408000006, 9241.066408000006, 9229.841799000007, 9229.841799000007, 9241.267580000007, 9241.267580000007, 9241.267580000007, 9241.267580000007, 9081.114260000008, 9081.114260000008, 9171.879885000008, 9171.879885000008, 9171.879885000008, 9171.879885000008, 9171.879885000008, 9171.879885000008, 9171.879885000008, 9144.583010000008, 9144.583010000008, 9130.16504100001, 9130.16504100001, 9130.16504100001, 9130.16504100001, 9130.16504100001, 9130.16504100001, 9130.16504100001, 9130.16504100001, 9130.16504100001, 9130.16504100001, 9130.16504100001, 9130.16504100001, 9130.16504100001, 9130.16504100001, 9130.16504100001, 9130.16504100001, 8980.13867300001, 8985.588868000012, 8985.588868000012, 8985.588868000012, 8985.588868000012, 8985.588868000012, 8985.588868000012, 8985.588868000012, 9005.168946000013, 9005.168946000013, 9005.168946000013, 9005.168946000013, 8792.795899000013, 8792.795899000013, 8846.726563000013, 8846.726563000013, 8846.726563000013, 9071.659180000013, 10157.314454000012, 10052.673829000012, 10240.188477000012, 10251.569336000013, 10251.569336000013, 10251.569336000013, 10251.569336000013, 10048.989258000014, 10048.989258000014, 9505.790039000014, 9505.790039000014, 9505.790039000014, 9505.790039000014, 9505.790039000014, 9721.644531000014, 9721.644531000014, 9901.982421000013, 9706.249999000014, 9706.249999000014, 9803.250975000015, 9829.369139000017, 9829.369139000017, 9829.369139000017, 9596.767576000018, 9713.639646000018, 9428.102537000017, 9331.754881000017, 9331.754881000017, 9331.754881000017, 9331.754881000017, 9453.223631000017, 9615.434568000017, 9615.434568000017, 9615.434568000017, 9412.642576000017, 9412.642576000017, 9412.642576000017, 9412.642576000017, 9412.642576000017, 9131.194333000018, 9131.194333000018, 9131.194333000018, 9131.194333000018, 8893.404294000018, 8893.404294000018, 8893.404294000018, 8925.291013000018, 8957.600583000018, 8957.600583000018, 8605.497067000018, 8605.497067000018, 8605.497067000018, 8629.758786000019, 8636.993161000019, 8636.993161000019, 8636.993161000019, 8636.993161000019, 8636.993161000019, 8323.400388000018, 8323.400388000018, 8278.217771000018, 8278.217771000018, 8278.217771000018, 8278.217771000018, 8278.217771000018, 8220.424802000018, 8058.744138000018, 8019.517576000018, 8019.517576000018, 8019.517576000018, 8019.517576000018, 8019.517576000018, 8019.517576000018, 8019.517576000018, 8019.517576000018, 8107.617186000018, 8107.617186000018, 8107.617186000018, 7926.912108000017, 7926.912108000017, 7926.912108000017, 7926.912108000017, 7926.912108000017, 8837.524413000017, 9001.780273000017, 9001.780273000017, 9178.268554000017, 9101.378905000018, 9101.378905000018, 9680.355467000018, 9680.355467000018, 9513.771482000018, 9513.771482000018, 9513.771482000018, 9513.771482000018, 9700.314451000018, 9700.314451000018, 9883.533201000018, 11329.648436000021, 11329.648436000021, 11329.648436000021, 11975.461913000023, 11828.181640000023, 11828.181640000023, 11828.181640000023, 11828.181640000023, 11828.181640000023, 11828.181640000023, 11940.733397000022, 12701.267577000022, 13660.98242100002, 13660.98242100002, 13660.98242100002, 13660.98242100002, 13640.066405000021, 13912.296874000023, 13918.193358000024, 13175.744139000026, 13175.744139000026, 13175.744139000026, 13175.744139000026, 13175.744139000026, 13175.744139000026, 13175.744139000026, 14006.515623000027, 14006.515623000027, 14006.515623000027, 14006.515623000027, 14006.515623000027, 14197.457029000025, 14197.457029000025, 13327.072263000025, 13327.072263000025, 13327.072263000025, 13327.072263000025, 13327.072263000025, 13662.689451000026, 13662.689451000026, 13832.845701000026, 13832.845701000026, 15329.656247000026, 15329.656247000026, 15329.656247000026, 15329.656247000026, 15329.656247000026, 16318.646481000027, 15778.017575000025, 16273.763669000024, 16273.763669000024, 18033.785153000026, 17866.707028000026, 17866.707028000026, 18147.33398100002, 18147.33398100002, 18147.33398100002, 17767.191403000026, 15016.378903000026, 14363.763668000025, 15202.798824000027, 13187.410152000033, 13187.410152000033, 13187.410152000033, 13187.410152000033, 13721.503902000033, 15619.281246000035, 12839.406246000035, 11246.007809000032, 11246.007809000032, 13108.226559000032, 13108.226559000032, 13108.226559000032, 12735.855465000037, 12735.855465000037, 12735.855465000037, 13238.218746000035, 13238.218746000035, 11050.082027000033, 11050.082027000033, 10825.080074000027, 10825.080074000027, 10613.843746000031, 12745.326168000036]}