{"learning_rate": 0.2, "discount_rate": 0.9, "lookback_window": 5, "random_rate": 0.1, "commission": 0, "q_table": [[-0.4000000000000001, -0.19999999999999996, 0.0], [23.799999999999947, -0.8, 0.0], [1.4, -1.5999999999999999, 0.0], [-0.6, -1.0, 0.0], [-5.551115123125783e-17, 1.4, 0.0]], "value_over_time": [10000, 10000, 10000, 10000, 10000, 10123.666993, 10123.666993, 10123.666993, 10123.666993, 10123.666993, 10123.666993, 10123.666993, 10123.666993, 10123.666993, 10123.666993, 10123.666993, 10123.666993, 10123.666993, 10123.666993, 10123.666993, 10123.666993, 10007.393555000002, 10007.393555000002, 10007.393555000002, 10007.393555000002, 9929.791993000003, 9929.791993000003, 9929.791993000003, 9929.791993000003, 9929.791993000003, 10729.881837000004, 10729.881837000004, 10729.881837000004, 10731.222169000004, 7788.394044000004, 7788.394044000004, 7788.394044000004, 7597.1459980000045, 7226.396486000004, 7226.396486000004, 7226.396486000004, 7226.396486000004, 7233.520997000004, 7233.520997000004, 7588.824219000005, 8173.764648000005, 8173.764648000005, 8173.764648000005, 8173.764648000005, 8173.764648000005, 8173.764648000005, 8173.764648000005, 8678.067871000005, 8686.105957000003, 8686.105957000003, 8686.105957000003, 8686.105957000003, 8815.250488000005, 8743.842285000004, 9227.573730000004, 9130.344238000003, 9130.344238000003, 9130.344238000003, 9130.344238000003, 9130.344238000003, 9243.368164000003, 9122.789063000004, 9123.643067000003, 8920.191407000002, 9396.541504, 9231.167969000002, 9231.167969000002, 9231.167969000002, 9230.628907000002, 9230.628907000002, 9539.047364000004, 9655.766602000005, 9675.219727000005, 9675.219727000005, 9675.219727000005, 9675.219727000005, 9675.219727000005, 9814.335938000004, 9814.335938000004, 9814.335938000004, 9814.335938000004, 9814.335938000004, 9814.335938000004, 10075.656251000004, 10075.656251000004, 10075.656251000004, 10075.656251000004, 10075.656251000004, 10075.656251000004, 10269.748048000003, 10734.347658000004, 11196.740236000005, 11196.740236000005, 11240.513674000003, 11536.323244000003, 11587.203126000002, 11587.203126000002, 11587.203126000002, 11587.203126000002, 11587.203126000002, 11611.427735000003, 11611.427735000003, 11490.600587000003, 11416.067383000003, 11416.067383000003, 11416.067383000003, 11416.067383000003, 11416.067383000003, 11416.067383000003, 11416.067383000003, 11416.067383000003, 11416.067383000003, 11416.067383000003, 11416.067383000003, 11416.067383000003, 11416.067383000003, 11427.493164000003, 11448.833007000003, 11448.833007000003, 11448.833007000003, 11288.679687000003, 11288.679687000003, 11379.445312000003, 11379.445312000003, 11379.445312000003, 11379.445312000003, 11379.445312000003, 11379.445312000003, 11379.445312000003, 11352.148437000003, 11699.951171000004, 11699.951171000004, 11699.951171000004, 11699.951171000004, 11699.951171000004, 11577.517577000004, 11577.517577000004, 11577.517577000004, 11577.517577000004, 11577.517577000004, 11577.517577000004, 11615.056639000004, 11566.801756000004, 11566.801756000004, 11869.426756000004, 11772.542967000005, 11772.542967000005, 11622.516599000006, 11622.516599000006, 11622.516599000006, 11622.516599000006, 11656.107419000007, 11656.107419000007, 11656.107419000007, 11656.107419000007, 11675.687497000008, 11683.543942000008, 11655.732418000009, 11655.732418000009, 11443.35937100001, 11593.642574000009, 11647.573238000008, 11647.573238000008, 11785.201167000008, 12010.133784000009, 13095.789058000008, 13095.789058000008, 13095.789058000008, 13107.169917000008, 13107.169917000008, 13107.169917000008, 13107.169917000008, 12904.58983900001, 12904.58983900001, 12904.58983900001, 12904.58983900001, 12904.58983900001, 12904.58983900001, 12904.58983900001, 12904.58983900001, 12904.58983900001, 13084.927729000008, 12889.195307000009, 12889.195307000009, 12986.19628300001, 12960.078119000009, 12960.078119000009, 12960.078119000009, 13192.679682000007, 13192.679682000007, 12907.142573000006, 12907.142573000006, 12907.142573000006, 12907.142573000006, 12907.142573000006, 13028.611323000006, 13190.822260000006, 12973.618158000007, 12973.618158000007, 12973.618158000007, 12973.618158000007, 12973.618158000007, 12973.618158000007, 12973.618158000007, 12692.169915000008, 12692.169915000008, 12579.035149000007, 12579.035149000007, 12341.245110000007, 12341.245110000007, 12341.245110000007, 12341.245110000007, 12373.554680000007, 12244.911125000008, 11892.807609000009, 11892.807609000009, 11892.807609000009, 11917.069328000009, 11924.303703000009, 11924.303703000009, 11924.303703000009, 12396.96971800001, 12396.96971800001, 12396.96971800001, 11878.900382000009, 11924.08299900001, 11924.08299900001, 11924.08299900001, 11924.08299900001, 11924.08299900001, 11924.08299900001, 11924.08299900001, 11884.85643700001, 11884.85643700001, 12001.36522600001, 12117.33202300001, 12117.33202300001, 12117.33202300001, 12363.33495300001, 12126.11620300001, 12214.21581300001, 12214.67479700001, 12214.67479700001, 12214.67479700001, 12214.67479700001, 12342.051750000011, 12342.051750000011, 12342.051750000011, 12342.051750000011, 12506.30761000001, 12466.29784500001, 12642.78612600001, 12565.896477000011, 12609.943352000011, 13188.919914000011, 13188.919914000011, 13188.919914000011, 13188.919914000011, 13188.919914000011, 13188.919914000011, 13188.919914000011, 13588.769523000012, 13771.988273000012, 15218.103508000015, 15218.103508000015, 15218.103508000015, 15863.916985000016, 15716.636712000016, 15675.188470000014, 16085.619134000013, 16085.619134000013, 16085.619134000013, 15835.949212000012, 15835.949212000012, 16596.483392000013, 17556.19823600001, 17715.01268900001, 17715.01268900001, 17715.01268900001, 17694.09667300001, 17966.327142000013, 17972.223626000014, 18714.672845000012, 18342.38378300001, 16763.16698600001, 16763.16698600001, 17367.647455000013, 17825.497064000014, 17825.497064000014, 18656.268548000015, 19055.616204000016, 19055.616204000016, 19802.817376000017, 20258.663079000016, 20449.604485000014, 20298.106438000013, 19427.721672000014, 19427.721672000014, 19427.721672000014, 19427.721672000014, 20180.057609000014, 20515.674797000014, 20413.522454000013, 20583.678704000013, 22475.458001000014, 23972.268547000014, 23972.268547000014, 23972.268547000014, 23587.797844000015, 23587.797844000015, 24576.788078000016, 24576.788078000016, 25072.534172000014, 24141.313469000015, 25901.334953000016, 25734.256828000016, 25734.256828000016, 26014.88378100001, 27495.747062000013, 27335.600578000016, 26955.45800000002, 24204.64550000002, 23552.03026500002, 24391.06542100002, 22375.676749000027, 25186.426749000027, 27723.59471800003, 27723.59471800003, 28257.68846800003, 30155.46581200003, 27375.59081200003, 25782.192375000028, 29183.430656000026, 31045.649406000026, 31045.649406000026, 31045.649406000026, 31045.649406000026, 31883.48534400003, 31883.48534400003, 32385.848625000028, 27662.14940600003, 29850.28612500003, 28932.17089000003, 29157.172843000037, 29076.579093000037, 29287.815421000032, 31419.297843000037]}