{"learning_rate": 0.2, "discount_rate": 0.9, "lookback_window": 5, "random_rate": 1, "commission": 0, "q_table": [[2.4, -0.6000000000000001, 0.0], [85.20000000000067, -17.39999999999997, 0.0], [29.599999999999927, -8.000000000000004, 0.0], [-0.8, -1.2, 0.0], [-1.2, 4.600000000000001, 0.0]], "value_over_time": [10000, 9927.951172000001, 9927.951172000001, 9927.951172000001, 9927.951172000001, 9804.284179, 9913.865234, 9913.865234, 9913.865234, 9913.865234, 9913.865234, 9463.099609, 8952.6875, 8931.837891000001, 8931.837891000001, 8931.837891000001, 9193.035157, 9193.035157, 8883.427735000001, 9401.195313, 9401.195313, 9517.468750999999, 9445.764648999999, 9408.459961999999, 9102.054688, 9179.65625, 9146.360352, 9146.360352, 9190.597656, 9402.24414, 9402.24414, 9589.746093000002, 9589.746093000002, 9589.746093000002, 6646.917968000002, 7192.793944000002, 6820.082518000002, 6628.834472000002, 6628.834472000002, 6851.885742000002, 6863.210449000003, 7808.986816000003, 7801.862305000003, 7823.317383000004, 8178.620605000005, 8178.620605000005, 8178.620605000005, 8178.620605000005, 8137.351073000004, 8137.351073000004, 7912.291015000004, 7912.291015000004, 8416.594238000005, 8416.594238000005, 8586.051269000007, 8399.203124000007, 8463.212401000008, 8463.212401000008, 8391.804198000007, 7908.072753000007, 7908.072753000007, 7908.072753000007, 7872.195799000006, 7433.873533000007, 7425.516111000007, 7425.516111000007, 7546.095212000006, 7545.241208000007, 7341.789548000007, 7341.789548000007, 7176.416013000007, 7104.918455000007, 6800.003416000007, 6800.003416000007, 7037.770506000007, 6729.3520490000055, 6729.3520490000055, 6709.8989240000055, 6600.170896000006, 6600.170896000006, 6600.170896000006, 6600.170896000006, 6600.170896000006, 6792.155271000006, 6672.616208000006, 6758.761716000005, 6775.670896000004, 6865.909178000004, 6865.909178000004, 6176.2861310000035, 6269.782224000005, 6022.772458000006, 6857.510739000006, 6703.771481000006, 6897.863278000005, 6897.863278000005, 6435.470700000004, 6435.470700000004, 6479.244138000003, 6775.053708000002, 6775.053708000002, 6777.028317000003, 6979.375974000003, 7420.354489000004, 7420.354489000004, 7444.579098000005, 7444.579098000005, 7565.406246000005, 7639.939450000004, 7639.939450000004, 7639.939450000004, 7550.708004000005, 7289.208004000005, 7289.208004000005, 6585.544918000004, 6585.544918000004, 6585.544918000004, 6730.327145000004, 6865.009762000002, 6853.785153000003, 6959.634762000002, 6959.634762000002, 6938.294919000003, 7014.270505000003, 7014.270505000003, 7174.423825000003, 7179.881833000002, 7089.116208000002, 7089.116208000002, 7172.874020000002, 7119.344723000001, 7049.618160000001, 7049.618160000001, 7049.618160000001, 7022.321285000001, 7022.321285000001, 7007.903316000003, 6689.364254000003, 6640.050778000002, 6738.127926000002, 6738.127926000002, 6738.127926000002, 6788.953121000003, 6788.953121000003, 6706.613278000003, 6814.342770000004, 6851.881832000004, 6851.881832000004, 6904.0302690000035, 6601.4052690000035, 6504.521480000004, 6504.521480000004, 6354.495112000005, 6359.945307000006, 6397.110346000006, 6432.555658000006, 6432.555658000006, 6428.044916000005, 6428.044916000005, 6487.797846000006, 6507.377924000007, 6507.377924000007, 6479.566400000008, 6456.5771420000065, 6456.5771420000065, 6606.8603450000055, 6660.791009000005, 6660.791009000005, 6798.418938000005, 7023.351555000006, 7023.351555000006, 7127.992180000006, 6940.477532000005, 6940.477532000005, 6727.221673000006, 6290.199213000006, 6995.349603000007, 6995.349603000007, 6955.039056000008, 6411.839837000008, 6441.742181000008, 6441.742181000008, 6292.249994000008, 6292.249994000008, 6076.395502000008, 5605.273432000006, 5424.935542000007, 5620.667964000007, 5616.879878000006, 5519.878902000005, 5519.878902000005, 5878.623043000004, 6139.285153000003, 6371.886716000002, 6371.886716000002, 6086.349607000001, 6086.349607000001, 6071.500974000001, 6182.407224000001, 6182.407224000001, 6182.407224000001, 6182.407224000001, 5965.203122000002, 5931.013668000002, 6133.805660000003, 6133.805660000003, 6424.967770000002, 6424.967770000002, 7586.862301000002, 7868.310544000001, 7525.347654, 7638.482420000001, 7549.916990000001, 7312.126951000001, 7420.323240000001, 7420.323240000001, 7452.209959000001, 7419.900389000001, 7419.900389000001, 7419.900389000001, 7539.096678000001, 7716.240232000001, 7716.240232000001, 7709.005857000001, 7869.599607000001, 7869.599607000001, 7869.599607000001, 7869.599607000001, 8183.192380000001, 8701.261716, 8656.079099, 8656.079099, 8677.566404, 8677.566404, 8541.199216999998, 8483.406247999998, 8321.725583999998, 8321.725583999998, 8321.725583999998, 8205.216794999997, 8089.2499979999975, 8089.2499979999975, 8148.583005999997, 7902.580075999997, 7665.361325999997, 7577.261715999997, 7576.8027319999965, 7576.8027319999965, 7396.097653999996, 7360.119137999995, 7360.119137999995, 7113.120114999994, 6942.759762999995, 6942.759762999995, 6942.759762999995, 6942.759762999995, 7119.2480439999945, 7042.358394999996, 6998.311519999996, 6419.334957999996, 6036.405269999996, 6036.405269999996, 5927.756831999992, 5927.756831999992, 5927.756831999992, 5927.756831999992, 5927.756831999992, 5927.756831999992, 4481.641596999989, 4467.792963999991, 4467.792963999991, 3821.9794869999896, 3969.25975999999, 4010.708001999992, 3600.2773379999926, 4175.322259999992, 4175.322259999992, 3925.652337999991, 3925.652337999991, 3925.652337999991, 3925.652337999991, 3766.8378849999917, 3766.8378849999917, 3766.8378849999917, 3745.9218689999925, 3745.9218689999925, 3745.9218689999925, 3003.4726499999942, 2631.183587999991, 4210.400384999988, 4255.91210399999, 4860.392572999992, 4402.542963999991, 4402.542963999991, 5233.314447999992, 5632.662103999994, 5632.662103999994, 4885.460931999993, 4885.460931999993, 4694.519525999995, 4543.021478999994, 3672.6367129999944, 3672.6367129999944, 3384.3300729999955, 3179.3046819999963, 3931.640618999996, 3596.023430999996, 3493.8710879999944, 3493.8710879999944, 3493.8710879999944, 1997.0605419999938, 1997.0605419999938, 1260.0937449999929, 875.6230419999938, 875.6230419999938, -113.36719200000698, 427.26171399999475, -68.48438000000351, -999.7050830000026, -2759.7265670000033, -2926.8046920000033, -2122.8183640000043, -1842.1914110000089, -3323.0546920000106, -3162.9082080000135, -2782.765630000018, -31.953130000018064, 620.6621049999831, -218.37305100001868, -2233.7617230000124, -5044.511723000012, -5044.511723000012, -6460.355473000012, -6994.449223000012, -5096.67187900001, -2316.7968790000104, -3910.195316000014, -7311.433597000012, -5449.214847000012, -3117.8750040000104, -3117.8750040000104, -3490.246098000005, -3490.246098000005, -3490.246098000005, -3992.609379000003, 731.0898399999951, 2919.226558999997, 2001.1113239999959, 2001.1113239999959, 2001.1113239999959, 1789.8749960000005, 1789.8749960000005]}