{"learning_rate": 0.2, "discount_rate": 0.9, "lookback_window": 5, "random_rate": 0, "commission": 0, "q_table": [[-0.20000000000000007, -0.8, 0.0], [57.60000000000028, -1.4, 0.0], [12.999999999999986, -3.0000000000000004, 0.0], [-1.7999999999999998, -1.2, 0.0], [-0.4000000000000001, 1.2, 0.0]], "value_over_time": [10000, 10000, 10252.779297000001, 9993.831055000002, 9993.831055000002, 10117.498048000003, 10007.916993000003, 10007.916993000003, 10007.916993000003, 10053.170899000002, 9806.752930000004, 9806.752930000004, 9806.752930000004, 9806.752930000004, 9806.752930000004, 9806.752930000004, 10067.950196000003, 9796.541993000004, 9796.541993000004, 9278.774415000005, 9238.174806000005, 9238.174806000005, 9238.174806000005, 9200.870119000005, 9200.870119000005, 9200.870119000005, 9200.870119000005, 9519.347658000004, 9519.347658000004, 9307.701174000003, 8507.611330000003, 8320.109377000002, 8307.691896000002, 8309.032228000004, 5366.204103000004, 5366.204103000004, 5366.204103000004, 5174.956057000004, 4804.206545000004, 5027.257815000004, 5027.257815000004, 5973.034182000004, 5965.909671000004, 5944.454593000003, 6299.757815000004, 6884.698244000004, 6884.698244000004, 6827.044435000004, 6868.313967000005, 6618.723147000005, 6618.723147000005, 6295.141604000006, 6295.141604000006, 6295.141604000006, 6295.141604000006, 6481.989749000006, 6417.980472000004, 6547.125003000005, 6475.716800000004, 6959.448245000004, 6862.218753000004, 7017.034183000003, 6981.157229000003, 6542.834963000004, 6534.477541000004, 6647.501467000005, 6647.501467000005, 6646.647463000006, 6443.195803000006, 6919.545900000005, 7084.919435000004, 7084.919435000004, 7084.919435000004, 7084.919435000004, 7322.686525000005, 7631.104982000006, 7747.824220000008, 7767.277345000008, 7877.005373000007, 7993.187502000006, 7983.099123000006, 7983.099123000006, 8122.215334000005, 8122.215334000005, 8241.754397000004, 8155.608889000005, 8155.608889000005, 8155.608889000005, 8416.929202000005, 9106.552249000006, 9106.552249000006, 9106.552249000006, 9941.290530000006, 9941.290530000006, 10135.382327000005, 10599.981937000006, 10599.981937000006, 10193.888187000006, 10237.661625000004, 10533.471195000004, 10584.351077000003, 10586.325686000004, 10383.978029000004, 9942.999514000003, 10045.241701000003, 10045.241701000003, 10045.241701000003, 9924.414553000002, 9849.881349000003, 9849.881349000003, 10190.687013000002, 10190.687013000002, 10452.187013000002, 10213.140138000002, 10213.140138000002, 9579.970216000003, 9579.970216000003, 9724.752443000003, 9590.069826000004, 9578.845217000006, 9578.845217000006, 9590.270998000005, 9611.610841000005, 9687.586427000006, 9687.586427000006, 9687.586427000006, 9687.586427000006, 9778.352052000006, 9843.019044000006, 9926.776856000006, 9873.247559000005, 9803.520996000005, 9681.245606000006, 9722.626465000005, 9695.329590000005, 10043.132324000006, 10028.714355000007, 10028.714355000007, 10028.714355000007, 9930.637207000007, 9930.637207000007, 10025.758300000007, 10076.583495000008, 10076.583495000008, 10076.583495000008, 10076.583495000008, 10039.044433000008, 10039.044433000008, 9986.895996000008, 10289.520996000008, 10192.637207000009, 10367.949707000009, 10217.92333900001, 10223.373534000011, 10186.208495000012, 10221.653807000012, 10221.653807000012, 10221.653807000012, 10172.59326000001, 10172.59326000001, 10192.173338000011, 10200.02978300001, 10200.02978300001, 10200.02978300001, 9987.656736000012, 10137.93993900001, 10191.87060300001, 10191.87060300001, 10329.49853200001, 10554.431149000011, 11640.08642300001, 11535.44579800001, 11722.96044600001, 11734.34130500001, 11947.59716400001, 11510.57470400001, 11510.57470400001, 11307.99462600001, 11267.684079000011, 10724.484860000011, 10754.387204000011, 10576.965329000011, 10726.457516000011, 10664.871579000011, 10880.726071000012, 10880.726071000012, 11061.06396100001, 10865.331539000012, 10861.543453000011, 10958.544429000012, 10984.662593000014, 11343.406734000013, 11082.744624000014, 11315.346187000012, 11432.218257000011, 11146.68114800001, 11243.02880400001, 11243.02880400001, 11243.02880400001, 11243.02880400001, 11364.49755400001, 11526.70849100001, 11309.50438900001, 11309.50438900001, 11309.50438900001, 11277.018061000012, 11568.18017100001, 11568.18017100001, 10406.285640000011, 10124.837397000012, 9781.874507000011, 9781.874507000011, 9870.439937000012, 9632.649898000012, 9632.649898000012, 9753.45849200001, 9785.34521100001, 9817.65478100001, 9817.65478100001, 9465.551265000011, 9465.551265000011, 9288.40771100001, 9312.66943000001, 9319.90380500001, 9319.90380500001, 9162.305172000011, 9634.971187000012, 9634.971187000012, 9321.378414000012, 9839.447750000012, 9839.447750000012, 9839.447750000012, 9839.447750000012, 9789.133296000013, 9925.500483000014, 9867.707514000014, 9867.707514000014, 9828.480952000014, 9810.167475000015, 9926.676264000016, 9926.676264000016, 9926.676264000016, 9926.676264000016, 10172.679194000017, 10409.897944000017, 10497.997554000016, 10498.456538000017, 10498.456538000017, 10498.456538000017, 10498.456538000017, 10625.833491000018, 10625.833491000018, 10455.473139000018, 11366.085444000018, 11530.341304000018, 11490.331539000017, 11666.819820000017, 11589.930171000018, 11633.977046000018, 12212.953608000018, 11830.023920000018, 11830.023920000018, 11830.023920000018, 11830.023920000018, 11830.023920000018, 11830.023920000018, 12229.873529000019, 12413.092279000019, 13859.207514000022, 13845.358881000024, 13845.358881000024, 14491.172358000025, 14343.892085000025, 14302.443843000023, 14712.874507000022, 14712.874507000022, 14712.874507000022, 14712.874507000022, 14825.426264000022, 15585.960444000022, 15585.960444000022, 15585.960444000022, 15599.188960000021, 14794.958491000023, 14774.042475000024, 15046.272944000026, 15052.169428000027, 15794.618647000025, 15794.618647000025, 14215.401850000027, 14169.890131000026, 14774.370600000027, 15232.220209000028, 15232.220209000028, 16062.991693000029, 16462.33934900003, 16462.33934900003, 16462.33934900003, 16918.18505200003, 17109.126458000028, 16957.628411000027, 16087.243645000028, 16087.243645000028, 16087.243645000028, 16087.243645000028, 16839.579582000028, 17175.196770000028, 17277.34911300003, 17447.50536300003, 19339.28466000003, 20836.09520600003, 20836.09520600003, 20836.09520600003, 20451.624503000032, 20451.624503000032, 21440.614737000033, 20899.98583100003, 21395.73192500003, 22326.95262800003, 24086.97411200003, 23919.89598700003, 23919.89598700003, 24200.522940000024, 25681.386221000026, 25521.23973700003, 25141.097159000034, 22390.284659000034, 21737.669424000032, 22576.704580000034, 20561.31590800004, 23372.06590800004, 25909.233877000042, 25909.233877000042, 26443.327627000042, 28341.104971000044, 25561.229971000044, 23967.83153400004, 27369.06981500004, 29231.28856500004, 29231.28856500004, 29231.28856500004, 28858.917471000044, 29696.753409000048, 29696.753409000048, 30199.116690000046, 25475.417471000048, 25475.417471000048, 24557.302236000047, 24557.302236000047, 24557.302236000047, 24346.06590800005, 26477.548330000056]}