{"learning_rate": 0.2, "discount_rate": 0.9, "lookback_window": 5, "random_rate": 1, "commission": 0, "q_table": [[-5.551115123125783e-17, -0.20000000000000007, 0.0], [79.20000000000059, -3.2000000000000006, 0.0], [24.199999999999946, -1.9999999999999998, 0.0], [-5.551115123125783e-17, -1.5999999999999999, 0.0], [-0.4000000000000001, 3.0000000000000004, 0.0]], "value_over_time": [10000, 9927.951172000001, 10180.730469000002, 10180.730469000002, 10533.075195000003, 10656.742188000004, 10656.742188000004, 10757.307618000004, 11181.739258000003, 11136.485352000003, 10890.067383000005, 10439.301758000005, 10439.301758000005, 10439.301758000005, 10513.960937000005, 10489.435547000005, 10228.238281000005, 10228.238281000005, 10537.845703000005, 11055.613281000004, 11055.613281000004, 10939.339843000005, 10939.339843000005, 10939.339843000005, 10939.339843000005, 10861.738281000005, 10861.738281000005, 11180.215820000005, 11224.453124000005, 11436.099608000006, 11436.099608000006, 11436.099608000006, 11436.099608000006, 11437.439940000007, 14380.268065000007, 14380.268065000007, 14380.268065000007, 14571.516111000008, 14942.265623000008, 15165.316893000008, 15165.316893000008, 16111.093260000009, 16118.217771000009, 16139.67284900001, 16494.976071000012, 15910.035642000012, 16208.196775000011, 16265.85058400001, 16307.120116000011, 16307.120116000011, 16307.120116000011, 15983.538573000013, 15983.538573000013, 15975.500487000012, 16144.957518000014, 16144.957518000014, 16208.966795000015, 16079.822264000013, 16008.414061000012, 15524.682616000013, 15621.912108000013, 15467.096678000013, 15431.219724000013, 15869.541990000012, 15869.541990000012, 15982.565916000014, 16103.145017000013, 16102.291013000015, 15898.839353000014, 15422.489256000015, 15257.115721000016, 15328.613279000016, 15633.528318000015, 15634.067380000015, 15634.067380000015, 15634.067380000015, 15750.786618000016, 15750.786618000016, 15750.786618000016, 15866.968747000015, 15866.968747000015, 16861.294431000017, 16861.294431000017, 17053.278806000017, 17053.278806000017, 16967.133298000015, 16967.133298000015, 17057.371580000014, 17318.691893000014, 16629.068846000013, 16722.564939000014, 16475.555173000015, 17310.293454000013, 17156.554196000012, 17156.554196000012, 17156.554196000012, 16694.161618000013, 16694.161618000013, 16737.93505600001, 17033.744626000007, 16982.864744000006, 16982.864744000006, 16780.517087000007, 17221.49560200001, 17323.73778900001, 17323.73778900001, 17323.73778900001, 17444.56493700001, 17444.56493700001, 17100.92821800001, 17100.92821800001, 17190.159664000006, 17190.159664000006, 17429.206539000006, 18132.869625000007, 18132.869625000007, 18132.869625000007, 18132.869625000007, 17998.187008000008, 18009.411617000005, 18009.411617000005, 18020.837398000003, 17999.497555, 18075.473141000002, 18623.770016000002, 18783.923336, 18789.381344, 18698.615719, 18763.282711, 18847.040523, 18847.040523, 18777.31396, 18899.58935, 18858.208490999998, 18885.505365999998, 18537.702631999997, 18552.120600999995, 18870.659662999995, 18821.346186999996, 18821.346186999996, 18821.346186999996, 18821.346186999996, 18821.346186999996, 18821.346186999996, 18821.346186999996, 18713.616694999997, 18676.077632999997, 18676.077632999997, 18728.226069999997, 19030.851069999997, 19127.734858999997, 19127.734858999997, 19127.734858999997, 19127.734858999997, 19127.734858999997, 19163.180170999996, 19196.770990999998, 19192.260249, 19241.320796, 19301.073726000002, 19320.653804, 19320.653804, 19348.465328, 19348.465328, 19136.092280999997, 19136.092280999997, 19190.022944999997, 19190.022944999997, 19052.395015999995, 19052.395015999995, 19052.395015999995, 18947.754390999995, 18947.754390999995, 18947.754390999995, 19161.010249999992, 18723.987789999992, 18018.83739999999, 18018.83739999999, 18059.14794699999, 18602.347165999992, 18602.347165999992, 18602.347165999992, 18751.839352999992, 18751.839352999992, 18751.839352999992, 19222.961422999993, 19042.623532999994, 19238.35595499999, 19238.35595499999, 19335.356930999995, 19361.475094999994, 19720.219235999994, 19720.219235999994, 19487.617672999993, 19604.48974299999, 19318.95263399999, 19318.95263399999, 19318.95263399999, 19318.95263399999, 18911.49853299999, 19032.96728299999, 19195.17821999999, 19195.17821999999, 19195.17821999999, 19195.17821999999, 19195.17821999999, 19195.17821999999, 19195.17821999999, 20357.072750999992, 20357.072750999992, 20014.10986099999, 19900.975094999987, 19900.975094999987, 20138.765133999987, 20030.568844999987, 20151.377438999985, 20151.377438999985, 20183.687008999987, 20183.687008999987, 20183.687008999987, 20183.687008999987, 20006.543454999985, 20030.805173999986, 20030.805173999986, 20191.398923999986, 20348.997556999988, 19876.331541999985, 19876.331541999985, 19876.331541999985, 19876.331541999985, 19921.514158999984, 19921.514158999984, 19900.026853999985, 19849.712399999986, 19986.079586999986, 19986.079586999986, 19824.398922999986, 19824.398922999986, 19842.712399999986, 19959.22118899999, 20075.18798599999, 20075.18798599999, 20015.85497799999, 20261.85790799999, 20499.07665799999, 20587.17626799999, 20587.63525199999, 20656.38232199999, 20656.38232199999, 20692.360837999993, 20692.360837999993, 20445.361814999993, 20445.361814999993, 21355.97411999999, 21191.718259999994, 21231.728024999997, 21231.728024999997, 21231.728024999997, 21187.681149999997, 20608.704587999997, 20991.634275999997, 21158.218260999995, 21266.866699, 21501.329588999994, 21545.215330999992, 21358.67236199999, 21358.67236199999, 21541.89111199999, 20095.775876999985, 20109.624509999983, 19377.49755699998, 18731.684079999977, 18878.964352999978, 18920.41259499998, 18920.41259499998, 18345.36767299998, 18345.36767299998, 18345.36767299998, 18345.36767299998, 18345.36767299998, 17385.65282899998, 17385.65282899998, 17398.88134499998, 17398.88134499998, 17398.88134499998, 17398.88134499998, 17404.77782899998, 18147.22704799998, 18519.516109999982, 16940.299312999985, 16940.299312999985, 16335.818843999983, 15877.969234999982, 17325.482906999983, 18156.254390999984, 18555.602046999986, 18555.602046999986, 19302.803218999987, 18846.957515999988, 18656.01610999999, 18807.51415699999, 18807.51415699999, 18574.48290699999, 18574.48290699999, 18779.50829799999, 19531.84423499999, 19196.22704699999, 19094.074703999988, 18923.918453999988, 18923.918453999988, 18923.918453999988, 18592.754390999988, 17855.787593999987, 17855.787593999987, 17855.787593999987, 16866.797359999986, 16326.168453999984, 15830.422359999986, 15830.422359999986, 17590.443843999987, 17423.365718999987, 16619.379390999988, 16619.379390999988, 18100.24267199999, 18260.389155999987, 18260.389155999987, 18260.389155999987, 18913.004390999988, 19752.03954699999, 21767.428218999983, 18956.678218999983, 18956.678218999983, 17540.834468999983, 17006.740718999983, 15108.963374999981, 17888.83837499998, 16295.439937999978, 16295.439937999978, 16295.439937999978, 18626.77978099998, 17983.271967999983, 18355.643061999977, 17517.807123999974, 16945.37743699997, 16945.37743699997, 16945.37743699997, 14757.240717999968, 14757.240717999968, 14982.242670999975, 14901.648920999975, 15112.88524899997, 12981.402826999965]}