{"learning_rate": 0.2, "discount_rate": 0.9, "lookback_window": 5, "random_rate": 0.1, "commission": 0, "q_table": [[-0.2, -0.19999999999999996, 0.0], [5.8000000000000025, -0.4, 0.0], [-0.8, -1.0, 0.0], [0.8, -0.8, 0.0], [-0.6000000000000001, 0.8, 0.0]], "value_over_time": [10000, 10000, 10000, 10000, 10000, 10000, 10000, 10100.56543, 10100.56543, 10100.56543, 9854.147461000002, 9854.147461000002, 10364.559570000003, 10385.409179000002, 10385.409179000002, 10385.409179000002, 10124.211913000003, 10395.620116000002, 10395.620116000002, 10913.387694000001, 10953.987303000002, 11070.260741, 11141.964843, 11179.26953, 10872.864256, 10872.864256, 10872.864256, 10872.864256, 10828.626952, 11040.273436000001, 11040.273436000001, 11227.775389000002, 11240.192870000003, 11238.852538000003, 14181.680663000003, 14181.680663000003, 14181.680663000003, 14181.680663000003, 14181.680663000003, 13958.629393000003, 13958.629393000003, 13012.853026000003, 13005.728515000003, 13027.183593000003, 13027.183593000003, 12442.243164000003, 12144.082031000004, 12144.082031000004, 12102.812499000003, 12102.812499000003, 12102.812499000003, 12102.812499000003, 11598.509276000004, 11598.509276000004, 11429.052245000003, 11242.204100000003, 11306.213377000004, 11177.068846000002, 11248.477049000003, 11248.477049000003, 11345.706541000003, 11190.891111000004, 11190.891111000004, 11190.891111000004, 11190.891111000004, 11190.891111000004, 11311.470212000004, 11311.470212000004, 11514.921872000003, 11038.571775000004, 10873.198240000005, 10944.695798000004, 10944.695798000004, 10944.156736000004, 10706.389646000003, 10706.389646000003, 10823.108884000005, 10823.108884000005, 10932.836912000004, 10932.836912000004, 10932.836912000004, 10932.836912000004, 10932.836912000004, 10932.836912000004, 10932.836912000004, 10932.836912000004, 10932.836912000004, 10842.598630000004, 11103.918943000004, 11103.918943000004, 11103.918943000004, 11103.918943000004, 11103.918943000004, 11103.918943000004, 11103.918943000004, 10639.319333000003, 10639.319333000003, 10233.225583000003, 10233.225583000003, 10529.035153000003, 10579.915035000002, 10579.915035000002, 10579.915035000002, 10579.915035000002, 10682.157222000002, 10682.157222000002, 10682.157222000002, 10682.157222000002, 10607.624018000002, 10607.624018000002, 10948.429682000002, 10948.429682000002, 10948.429682000002, 10948.429682000002, 10948.429682000002, 10948.429682000002, 11071.386713000002, 11071.386713000002, 11071.386713000002, 11071.386713000002, 11071.386713000002, 11082.812494000002, 11104.152337000001, 11104.152337000001, 11104.152337000001, 10943.999017000002, 10943.999017000002, 10943.999017000002, 10943.999017000002, 10943.999017000002, 10943.999017000002, 10874.272454000002, 10874.272454000002, 10915.653313, 10942.950188, 11290.752922000001, 11276.334953000003, 11276.334953000003, 11276.334953000003, 11374.412101000004, 11374.412101000004, 11279.291008000004, 11228.465813000003, 11228.465813000003, 11228.465813000003, 11228.465813000003, 11228.465813000003, 11228.465813000003, 11228.465813000003, 11228.465813000003, 11228.465813000003, 11403.778313000003, 11253.751945000004, 11259.202140000005, 11259.202140000005, 11259.202140000005, 11259.202140000005, 11259.202140000005, 11259.202140000005, 11259.202140000005, 11259.202140000005, 11259.202140000005, 11259.202140000005, 11259.202140000005, 11471.575187000004, 11621.858390000003, 11675.789054000003, 11675.789054000003, 11813.416983000003, 12038.349600000003, 13124.004874000002, 13124.004874000002, 13124.004874000002, 13135.385733000003, 13135.385733000003, 13572.408193000003, 13572.408193000003, 13572.408193000003, 13572.408193000003, 13572.408193000003, 13572.408193000003, 13572.408193000003, 13572.408193000003, 13510.822256000003, 13726.676748000003, 13255.554678000002, 13435.892568000001, 13435.892568000001, 13435.892568000001, 13435.892568000001, 13462.010732000002, 13820.754873000002, 13820.754873000002, 14053.356436, 14053.356436, 13767.819327, 13767.819327, 13752.970694, 13752.970694, 13752.970694, 13752.970694, 13915.181631, 13915.181631, 13915.181631, 13915.181631, 13915.181631, 14206.343740999999, 14206.343740999999, 14206.343740999999, 13924.895498, 13924.895498, 13924.895498, 13924.895498, 13687.105459, 13795.301748, 13795.301748, 13827.188467, 13859.498037, 13730.854482, 13378.750966000001, 13497.947255000001, 13675.090809000001, 13699.352528000001, 13706.586903000001, 13867.180653000001, 13709.582020000002, 13236.916005000001, 13236.916005000001, 13236.916005000001, 13236.916005000001, 13282.098622000001, 13282.098622000001, 13303.585927, 13303.585927, 13439.953114000002, 13439.953114000002, 13278.272450000002, 13239.045888000002, 13239.045888000002, 13239.045888000002, 13355.012685000002, 13176.898428000002, 13236.231436000002, 13236.231436000002, 12999.012686000002, 13087.112296000001, 13087.571280000002, 13156.318350000003, 12975.613272000002, 12939.634756000001, 12939.634756000001, 12939.634756000001, 13109.995108000001, 14020.607413000002, 14020.607413000002, 14020.607413000002, 14197.095694000001, 14120.206045000003, 14120.206045000003, 14699.182607000002, 14316.252919000002, 14482.836904000002, 14591.485342000005, 14825.948232000002, 14782.062490000004, 14595.519521000004, 14195.669912000003, 14195.669912000003, 15641.785147000006, 15641.785147000006, 14909.658194000005, 14909.658194000005, 14909.658194000005, 14909.658194000005, 15320.088858000005, 15895.133780000004, 15895.133780000004, 15895.133780000004, 16007.685537000003, 16768.219717000004, 16768.219717000004, 16768.219717000004, 16768.219717000004, 15963.989248000005, 15943.073232000006, 16215.303701000008, 16221.200185000009, 16221.200185000009, 16221.200185000009, 16221.200185000009, 16221.200185000009, 16221.200185000009, 15763.350576000008, 17210.86424800001, 18041.63573200001, 18440.98338800001, 18680.45604500001, 17933.25487300001, 17933.25487300001, 18124.196279000007, 18124.196279000007, 17253.811513000008, 17486.842763000008, 17198.53612300001, 16993.51073200001, 16993.51073200001, 16993.51073200001, 16993.51073200001, 17163.66698200001, 17163.66698200001, 17163.66698200001, 17494.83104500001, 18231.79784200001, 17847.32713900001, 17175.954092000014, 18164.944326000015, 18164.944326000015, 18164.944326000015, 19096.165029000014, 20856.186513000015, 20689.108388000015, 21493.094716000014, 21773.72166900001, 21773.72166900001, 21613.575185000012, 21233.432607000017, 18482.620107000017, 17830.004872000016, 18669.040028000018, 16653.651356000024, 16653.651356000024, 16653.651356000024, 18069.495106000024, 18603.588856000024, 20501.366200000026, 20501.366200000026, 18907.967763000022, 22309.20604400002, 24171.42479400002, 21840.08495100002, 21196.577138000022, 20824.206044000028, 20824.206044000028, 20251.776357000024, 20754.139638000022, 20754.139638000022, 20754.139638000022, 20754.139638000022, 20979.14159100003, 20898.54784100003, 20687.311513000033, 22818.793935000038]}