{"learning_rate": 0.2, "discount_rate": 0.9, "lookback_window": 5, "random_rate": 0.1, "commission": 0, "q_table": [[-0.2, 0.4, 0.0], [-0.2, -0.4, 0.0], [-0.6000000000000001, -0.19999999999999996, 0.0], [-0.2, -0.6000000000000001, 0.0], [-0.6000000000000001, 0.0, 0.0]], "value_over_time": [10000, 10000, 10000, 9741.051758000001, 9388.707032, 9265.040039, 9155.458983999999, 9155.458983999999, 9155.458983999999, 9155.458983999999, 9401.876952999997, 9401.876952999997, 9401.876952999997, 9401.876952999997, 9401.876952999997, 9426.402342999998, 9165.205076999999, 9436.613279999998, 9746.220701999997, 10263.988279999996, 10304.587888999997, 10188.314450999998, 10260.018552999998, 10297.323239999998, 9990.917965999999, 9913.316404, 9913.316404, 9913.316404, 9869.079099999999, 10080.725584, 10880.815428000002, 11068.317381000003, 11080.734862000003, 11080.734862000003, 11080.734862000003, 11080.734862000003, 11453.446288000003, 11262.198242000002, 11632.947754000003, 11409.896484000003, 11398.571777000001, 10452.79541, 10452.79541, 10474.250488000001, 10118.947266000001, 10118.947266000001, 10118.947266000001, 10118.947266000001, 10118.947266000001, 9869.356446000002, 9869.356446000002, 10192.937989000002, 10192.937989000002, 10192.937989000002, 10023.480958, 9836.632813, 9836.632813, 9707.488281999998, 9778.896485, 9778.896485, 9778.896485, 9933.711915, 9969.588869, 10407.911134999998, 10416.268557, 10416.268557, 10295.689456, 10296.543459999999, 10499.99512, 10499.99512, 10334.621585, 10334.621585, 10334.621585, 10334.621585, 10096.854495, 10405.272952000001, 10405.272952000001, 10405.272952000001, 10405.272952000001, 10289.090823000002, 10289.090823000002, 9294.765139000001, 9294.765139000001, 9294.765139000001, 9175.226076, 9175.226076, 9158.316896000002, 9158.316896000002, 9158.316896000002, 8468.693849000001, 8468.693849000001, 8468.693849000001, 8468.693849000001, 8468.693849000001, 8468.693849000001, 8468.693849000001, 8468.693849000001, 8468.693849000001, 8468.693849000001, 8468.693849000001, 8468.693849000001, 8466.71924, 8669.066897, 8669.066897, 8566.82471, 8566.82471, 8566.82471, 8566.82471, 8566.82471, 8223.187991, 7882.382327000001, 7971.613773000001, 7710.113773000001, 7471.066898000001, 7471.066898000001, 8104.23682, 8104.23682, 7959.454593, 7959.454593, 7959.454593, 7959.454593, 7948.0288120000005, 7948.0288120000005, 7872.053226, 7872.053226, 7872.053226, 7872.053226, 7872.053226, 7807.386234, 7723.628422, 7777.157719000001, 7846.884282000001, 7969.159672, 7927.778813000001, 7927.778813000001, 7927.778813000001, 7942.196781999999, 7942.196781999999, 7942.196781999999, 8040.273929999999, 8040.273929999999, 7945.152837, 7894.327641999998, 7894.327641999998, 7894.327641999998, 7894.327641999998, 7931.866703999998, 7980.121586999998, 8032.270023999998, 7729.645023999998, 7826.528812999997, 7651.216312999997, 7651.216312999997, 7645.766117999996, 7682.931156999995, 7647.485844999996, 7681.076664999997, 7685.587406999997, 7734.647953999998, 7734.647953999998, 7734.647953999998, 7734.647953999998, 7762.459477999997, 7739.470219999996, 7951.843266999995, 7801.560063999996, 7801.560063999996, 7752.937993999996, 7615.310064999996, 7615.310064999996, 6529.654790999997, 6634.295415999997, 6634.295415999997, 6634.295415999997, 6421.039556999998, 5984.017096999998, 5278.866706999997, 5278.866706999997, 5319.1772539999965, 5319.1772539999965, 5289.274909999996, 5466.696784999996, 5317.204597999997, 5378.790534999996, 5162.936042999996, 4691.813972999995, 4691.813972999995, 4691.813972999995, 4695.602058999995, 4695.602058999995, 4695.602058999995, 4695.602058999995, 4695.602058999995, 4695.602058999995, 4578.729988999996, 4864.267097999997, 4767.919441999997, 4767.919441999997, 4767.919441999997, 4767.919441999997, 4767.919441999997, 4767.919441999997, 4767.919441999997, 4767.919441999997, 4767.919441999997, 4800.405769999996, 4800.405769999996, 5351.194831999996, 6513.0893629999955, 6513.0893629999955, 6856.052252999996, 6856.052252999996, 6767.486822999996, 6767.486822999996, 6767.486822999996, 6646.678228999997, 6614.791509999997, 6614.791509999997, 6614.791509999997, 6614.791509999997, 6614.791509999997, 6614.791509999997, 6614.791509999997, 6607.557134999997, 6607.557134999997, 6765.155767999997, 6765.155767999997, 6765.155767999997, 7078.748540999997, 6560.679204999997, 6560.679204999997, 6508.479009999997, 6508.479009999997, 6558.793463999997, 6422.426276999995, 6480.219245999995, 6480.219245999995, 6519.445807999995, 6501.132330999995, 6501.132330999995, 6501.132330999995, 6501.132330999995, 6501.132330999995, 6501.132330999995, 6263.913580999995, 6263.913580999995, 6263.4545969999945, 6263.4545969999945, 6082.749518999994, 6046.771002999993, 5919.394049999992, 5919.394049999992, 5749.033697999992, 5749.033697999992, 5584.777837999993, 5584.777837999993, 5584.777837999993, 5584.777837999993, 5540.730962999993, 5540.730962999993, 5540.730962999993, 5540.730962999993, 5649.3794009999965, 5649.3794009999965, 5649.3794009999965, 5649.3794009999965, 5649.3794009999965, 5649.3794009999965, 5649.3794009999965, 5649.3794009999965, 4917.252447999996, 4917.252447999996, 4917.252447999996, 4917.252447999996, 4917.252447999996, 4917.252447999996, 4917.252447999996, 4917.252447999996, 4917.252447999996, 4917.252447999996, 4917.252447999996, 4917.252447999996, 4917.252447999996, 4917.252447999996, 4917.252447999996, 4917.252447999996, 4917.252447999996, 4917.252447999996, 5289.541509999999, 3710.324713000002, 3755.8364320000037, 3755.8364320000037, 3755.8364320000037, 3755.8364320000037, 3755.8364320000037, 3755.8364320000037, 3516.3637750000053, 4263.564947000006, 4263.564947000006, 4263.564947000006, 4263.564947000006, 3393.180181000007, 3393.180181000007, 3393.180181000007, 3188.154790000008, 3188.154790000008, 3188.154790000008, 3188.154790000008, 3188.154790000008, 5079.934087000009, 5079.934087000009, 5079.934087000009, 5079.934087000009, 5079.934087000009, 5079.934087000009, 5079.934087000009, 5620.5629930000105, 5620.5629930000105, 5620.5629930000105, 5620.5629930000105, 5620.5629930000105, 5620.5629930000105, 5620.5629930000105, 5620.5629930000105, 5620.5629930000105, 5620.5629930000105, 5620.5629930000105, 5620.5629930000105, 6459.598149000012, 6459.598149000012, 6459.598149000012, 6459.598149000012, 6459.598149000012, 6459.598149000012, 6459.598149000012, 6459.598149000012, 6459.598149000012, 9860.83643000001, 9860.83643000001, 9860.83643000001, 9860.83643000001, 9860.83643000001, 9860.83643000001, 9860.83643000001, 10363.199711000008, 10363.199711000008, 10363.199711000008, 10363.199711000008, 10363.199711000008, 10443.793461000008, 10232.557133000013, 10232.557133000013]}