{"learning_rate": 0.2, "discount_rate": 0.9, "lookback_window": 5, "random_rate": 0.1, "commission": 0, "q_table": [[-0.4, -0.19999999999999996, 0.0], [9.999999999999996, -0.4000000000000001, 0.0], [-0.4000000000000001, -0.8, 0.0], [-0.19999999999999996, -1.0, 0.0], [-0.8, 0.6000000000000001, 0.0]], "value_over_time": [10000, 10000, 10000, 10258.948241999999, 9906.603515999997, 10030.270508999998, 10030.270508999998, 10130.835938999999, 10130.835938999999, 10130.835938999999, 9884.41797, 10335.183595, 9824.771486, 9824.771486, 9750.112307, 9725.586916999999, 9725.586916999999, 9725.586916999999, 9415.979495, 9415.979495, 9415.979495, 9415.979495, 9344.275393, 9344.275393, 9344.275393, 9266.673831, 9233.377933, 9551.855472, 9551.855472, 9551.855472, 8751.765627999997, 8751.765627999997, 8739.348146999997, 8740.688478999997, 5797.860353999997, 5797.860353999997, 6170.571779999997, 5979.323733999997, 5979.323733999997, 5979.323733999997, 5979.323733999997, 5979.323733999997, 5972.199222999997, 5972.199222999997, 6327.502444999997, 6327.502444999997, 6327.502444999997, 6327.502444999997, 6327.502444999997, 6077.911624999998, 6077.911624999998, 6077.911624999998, 6077.911624999998, 6085.9497109999975, 6085.9497109999975, 6085.9497109999975, 6085.9497109999975, 6085.9497109999975, 6085.9497109999975, 6569.681155999998, 6472.451663999997, 6627.267093999997, 6591.390139999997, 6591.390139999997, 6591.390139999997, 6704.414065999998, 6704.414065999998, 6703.560061999999, 6703.560061999999, 7179.910158999997, 7345.283693999997, 7345.283693999997, 7345.283693999997, 7345.283693999997, 7345.283693999997, 7653.702150999999, 7770.421389, 7789.874514, 7899.602542, 7899.602542, 7899.602542, 7899.602542, 8038.718752999998, 7846.734377999998, 7846.734377999998, 7846.734377999998, 7846.734377999998, 7846.734377999998, 8108.0546909999985, 8797.677737999998, 8797.677737999998, 8797.677737999998, 8797.677737999998, 8797.677737999998, 8797.677737999998, 9262.277348, 9724.669926, 9318.576176, 9318.576176, 9614.385746, 9665.265628, 9665.265628, 9665.265628, 9665.265628, 9767.507814999999, 9767.507814999999, 9767.507814999999, 9767.507814999999, 9692.974611, 9692.974611, 9692.974611, 9603.743165, 9603.743165, 9603.743165, 8900.080079, 8266.910157, 8389.867188, 8389.867188, 8255.184571000002, 8266.40918, 8266.40918, 8277.834961, 8256.495118, 8256.495118, 8256.495118, 8256.495118, 8256.495118, 8347.260743, 8347.260743, 8347.260743, 8347.260743, 8347.260743, 8347.260743, 8347.260743, 8319.963868, 8667.766602000002, 8653.348633000003, 8653.348633000003, 8653.348633000003, 8653.348633000003, 8653.348633000003, 8653.348633000003, 8653.348633000003, 8653.348633000003, 8571.008790000004, 8571.008790000004, 8571.008790000004, 8571.008790000004, 8571.008790000004, 8268.383790000004, 8268.383790000004, 8268.383790000004, 8118.357422000005, 8118.357422000005, 8118.357422000005, 8118.357422000005, 8118.357422000005, 8118.357422000005, 8118.357422000005, 8058.604492000004, 8039.024414000003, 8039.024414000003, 8039.024414000003, 8039.024414000003, 8039.024414000003, 8189.307617000002, 8243.238281000002, 8243.238281000002, 8243.238281000002, 8018.305664000001, 9103.960938, 8999.320313, 9186.834961, 9198.215820000001, 9198.215820000001, 9198.215820000001, 9198.215820000001, 8995.635742000002, 8995.635742000002, 8452.436523000002, 8482.338867000002, 8482.338867000002, 8482.338867000002, 8482.338867000002, 8482.338867000002, 8482.338867000002, 8662.676757000001, 8466.944335000002, 8466.944335000002, 8563.945311000003, 8563.945311000003, 8563.945311000003, 8563.945311000003, 8796.546874000001, 8796.546874000001, 8796.546874000001, 8796.546874000001, 8811.395507000001, 8811.395507000001, 8811.395507000001, 8811.395507000001, 8973.606444000001, 8973.606444000001, 8973.606444000001, 8973.606444000001, 8973.606444000001, 8973.606444000001, 8973.606444000001, 8973.606444000001, 8692.158201000002, 8692.158201000002, 8692.158201000002, 8692.158201000002, 8454.368162000002, 8454.368162000002, 8454.368162000002, 8454.368162000002, 8454.368162000002, 8454.368162000002, 8102.264646000003, 8102.264646000003, 8102.264646000003, 8126.526365000003, 8133.760740000003, 8133.760740000003, 8133.760740000003, 7661.094725000003, 7661.094725000003, 7661.094725000003, 7661.094725000003, 7706.277342000003, 7706.277342000003, 7706.277342000003, 7655.962888000004, 7655.962888000004, 7598.169919000004, 7598.169919000004, 7558.943357000004, 7540.629880000004, 7657.138669000005, 7773.1054660000045, 7773.1054660000045, 7773.1054660000045, 8019.108396000005, 8019.108396000005, 8107.208006000004, 8107.208006000004, 8107.208006000004, 8107.208006000004, 8143.186522000005, 8143.186522000005, 8143.186522000005, 7972.826170000006, 8883.438475000006, 8883.438475000006, 8883.438475000006, 9059.926756000006, 9136.816405000005, 9136.816405000005, 9715.792967000005, 9715.792967000005, 9882.376952000004, 9882.376952000004, 9882.376952000004, 9882.376952000004, 9882.376952000004, 10282.226561000005, 10282.226561000005, 11728.341796000008, 11728.341796000008, 11728.341796000008, 11728.341796000008, 11581.061523000008, 11581.061523000008, 11991.492187000007, 11991.492187000007, 12032.860351000007, 12032.860351000007, 11920.308594000007, 12680.842774000008, 12680.842774000008, 12680.842774000008, 12680.842774000008, 11876.61230500001, 11855.69628900001, 12127.926758000012, 12133.823242000013, 12133.823242000013, 12133.823242000013, 12133.823242000013, 12088.311523000011, 12692.791992000013, 12692.791992000013, 12692.791992000013, 13523.563476000014, 13523.563476000014, 13523.563476000014, 13523.563476000014, 13979.409179000013, 13979.409179000013, 14130.907226000014, 13260.522460000015, 13260.522460000015, 13260.522460000015, 13260.522460000015, 13260.522460000015, 13260.522460000015, 13260.522460000015, 13430.678710000015, 13430.678710000015, 13430.678710000015, 13430.678710000015, 13430.678710000015, 13430.678710000015, 14102.051757000012, 15091.041991000013, 14550.413085000011, 15046.15917900001, 15977.379882000008, 17737.40136600001, 17570.32324100001, 17570.32324100001, 17570.32324100001, 17570.32324100001, 17570.32324100001, 17190.180663000014, 14439.368163000014, 13786.752928000013, 14625.788084000014, 12610.39941200002, 12610.39941200002, 12610.39941200002, 12610.39941200002, 13144.49316200002, 15042.270506000023, 12262.395506000023, 10668.99706900002, 10668.99706900002, 12531.21581900002, 12531.21581900002, 12531.21581900002, 12158.844725000024, 12158.844725000024, 12158.844725000024, 12158.844725000024, 12158.844725000024, 12158.844725000024, 12158.844725000024, 12158.844725000024, 12158.844725000024, 12158.844725000024, 14290.327147000029]}