{"learning_rate": 0.2, "discount_rate": 0.9, "lookback_window": 5, "random_rate": 1, "commission": 0, "q_table": [[2.1999999999999997, -1.0, 0.0], [85.40000000000067, -14.59999999999998, 0.0], [30.599999999999923, -6.000000000000003, 0.0], [-1.5999999999999999, -0.20000000000000007, 0.0], [-1.0, 5.000000000000002, 0.0]], "value_over_time": [10000, 10000, 10252.779297000001, 10252.779297000001, 10605.124023000002, 10605.124023000002, 10495.542968000002, 10394.977538000001, 9970.545898000002, 9970.545898000002, 9724.127929000004, 9724.127929000004, 10234.540038000005, 10213.690429000006, 10213.690429000006, 10213.690429000006, 10213.690429000006, 9942.282226000007, 9942.282226000007, 9942.282226000007, 9982.881835000007, 9982.881835000007, 10054.585937000007, 10054.585937000007, 10360.991211000006, 10283.389649000006, 10316.685547000006, 9998.208008000007, 9953.970704000007, 10165.617188000007, 10165.617188000007, 9978.115235000007, 9990.532716000007, 9991.873048000009, 9991.873048000009, 9445.99707200001, 9445.99707200001, 9445.99707200001, 9075.247560000009, 8852.196290000009, 8852.196290000009, 7906.419923000009, 7906.419923000009, 7906.419923000009, 7906.419923000009, 8491.360352000009, 8789.521485000008, 8789.521485000008, 8789.521485000008, 9039.112305000008, 9264.172363000009, 9264.172363000009, 9264.172363000009, 9272.21044900001, 9272.21044900001, 9459.05859400001, 9459.05859400001, 9459.05859400001, 9387.650391000008, 8903.918946000009, 8806.689454000008, 8806.689454000008, 8806.689454000008, 9245.011720000008, 9245.011720000008, 9131.987794000008, 9252.566895000007, 9251.712891000008, 9048.261231000008, 8571.911134000009, 8406.53759900001, 8335.040041000011, 8335.040041000011, 8334.500979000011, 8334.500979000011, 8026.08252200001, 8026.08252200001, 8006.62939700001, 8006.62939700001, 8122.811526000009, 8122.811526000009, 9117.13721000001, 8978.020999000011, 9170.005374000011, 9289.544437000011, 9289.544437000011, 9289.544437000011, 9379.782719000012, 9118.462406000011, 9118.462406000011, 9118.462406000011, 8871.452640000012, 8036.714359000012, 8190.453617000012, 8384.545414000011, 7919.94580400001, 8382.33838200001, 8382.33838200001, 8382.33838200001, 8086.528812000011, 8137.408694000011, 8139.383303000011, 7937.035646000011, 8378.014161000012, 8480.256348000012, 8480.256348000012, 8480.256348000012, 8480.256348000012, 8405.723144000012, 8062.086425000012, 7721.280761000013, 7810.5122070000125, 7549.0122070000125, 7788.0590820000125, 7084.395996000012, 7717.565918000011, 7594.608887000011, 7449.8266600000115, 7449.8266600000115, 7461.0512690000105, 7461.0512690000105, 7449.625488000011, 7449.625488000011, 7373.64990200001, 7921.94677700001, 8082.10009700001, 8087.558105000009, 8178.323730000009, 8113.656738000009, 8029.898926000009, 8083.42822300001, 8083.42822300001, 8205.703613000009, 8205.703613000009, 8178.406738000009, 7830.604004000008, 7816.18603500001, 8134.72509700001, 8134.72509700001, 8036.647949000009, 7914.214355000009, 7914.214355000009, 7965.03955000001, 7917.451659000009, 7917.451659000009, 7917.451659000009, 7954.990721000009, 8003.245604000009, 8055.394041000009, 7752.769041000009, 7752.769041000009, 7752.769041000009, 7602.74267300001, 7608.192868000011, 7608.192868000011, 7572.747556000011, 7539.15673600001, 7543.66747800001, 7543.66747800001, 7603.420408000011, 7603.420408000011, 7603.420408000011, 7631.23193200001, 7631.23193200001, 7418.858885000011, 7569.14208800001, 7569.14208800001, 7520.52001800001, 7382.89208900001, 7157.95947200001, 7157.95947200001, 7053.31884700001, 7053.31884700001, 7064.69970600001, 6851.443847000011, 7288.4663070000115, 7288.4663070000115, 7491.046385000011, 7450.735838000011, 7993.9350570000115, 7993.9350570000115, 8171.3569320000115, 8171.3569320000115, 8171.3569320000115, 7955.502440000011, 8426.624510000012, 8606.962400000011, 8606.962400000011, 8606.962400000011, 8606.962400000011, 8580.84423600001, 8222.10009500001, 8482.76220500001, 8250.160642000012, 8133.288572000012, 8133.288572000012, 8229.636228000012, 8214.787595000013, 8325.693845000013, 8733.147946000014, 8733.147946000014, 8895.358883000014, 8895.358883000014, 8895.358883000014, 9098.150875000014, 9130.637203000013, 9421.799313000012, 8871.010251000012, 7709.1157200000125, 7427.667477000014, 7427.667477000014, 7427.667477000014, 7339.102047000013, 7576.892086000013, 7685.088375000012, 7685.088375000012, 7685.088375000012, 7717.3979450000115, 7588.754390000013, 7940.857906000012, 7940.857906000012, 7763.714352000012, 7739.452633000012, 7739.452633000012, 7578.858883000012, 7421.260250000012, 7421.260250000012, 7421.260250000012, 7734.853023000012, 7734.853023000012, 7689.670406000012, 7637.470211000013, 7658.957516000011, 7709.271970000011, 7572.904783000009, 7515.111814000009, 7353.431150000009, 7353.431150000009, 7335.11767300001, 7451.626462000011, 7335.659665000012, 7513.773922000011, 7454.440914000012, 7700.443844000012, 7937.662594000012, 8025.7622040000115, 8025.303220000011, 8094.050290000012, 8094.050290000012, 8058.071774000011, 8185.448727000012, 8185.448727000012, 8185.448727000012, 7274.836422000011, 7439.0922820000105, 7399.08251700001, 7222.59423600001, 7299.483885000009, 7343.530760000009, 7922.507322000009, 7539.577634000008, 7539.577634000008, 7539.577634000008, 7539.577634000008, 7583.463376000007, 7583.463376000007, 7583.463376000007, 7400.244626000007, 7400.244626000007, 7414.093259000005, 6681.966306000004, 6036.152829000002, 6183.433102000003, 6224.881344000005, 6635.312008000004, 7210.356930000004, 7210.356930000004, 7210.356930000004, 7322.908687000003, 6562.374507000002, 6562.374507000002, 6562.374507000002, 6549.145991000003, 5744.915522000005, 5765.831538000004, 5765.831538000004, 5759.935054000003, 6502.3842730000015, 6502.3842730000015, 4923.167476000004, 4877.655757000002, 4273.175288, 3815.3256789999996, 5262.8393510000005, 6093.610835000001, 5694.263179, 5694.263179, 5694.263179, 6150.108881999999, 5959.1674760000005, 6110.6655230000015, 6110.6655230000015, 6110.6655230000015, 5822.358883000003, 5617.333492000003, 6369.669429000003, 6369.669429000003, 6267.517086000002, 6097.360836000002, 6097.360836000002, 4600.550290000001, 4931.714353000001, 4931.714353000001, 5316.185056, 5316.185056, 5316.185056, 4775.5561499999985, 5271.302243999997, 4340.081540999998, 2580.060056999997, 2747.138181999997, 3551.124509999996, 3831.7514629999914, 5312.614743999993, 5312.614743999993, 4932.472165999998, 4932.472165999998, 4279.856930999997, 3440.821774999995, 5456.210446999989, 5456.210446999989, 7993.3784159999905, 9409.22216599999, 9943.31591599999, 9943.31591599999, 9943.31591599999, 8349.917478999987, 8349.917478999987, 8349.917478999987, 10681.257321999989, 10037.749508999992, 10037.749508999992, 10875.585446999996, 10875.585446999996, 11377.948727999994, 16101.647946999992, 18289.784665999992, 18289.784665999992, 18064.782712999986, 17984.188962999986, 17772.95263499999, 15641.470212999986]}