{"learning_rate": 0.2, "discount_rate": 0.9, "lookback_window": 5, "random_rate": 1, "commission": 0, "q_table": [[2.1999999999999997, -0.8, 0.0], [85.00000000000067, -11.399999999999991, 0.0], [28.59999999999993, -4.000000000000001, 0.0], [-1.9999999999999998, -1.4, 0.0], [-0.6000000000000001, 4.600000000000001, 0.0]], "value_over_time": [10000, 10072.048827999999, 10072.048827999999, 10330.997069999998, 10683.341795999999, 10807.008789, 10807.008789, 10807.008789, 11231.440428999998, 11231.440428999998, 10985.02246, 10534.256835, 10534.256835, 10534.256835, 10534.256835, 10509.731445, 10509.731445, 10781.139647999998, 10471.532226, 10471.532226, 10471.532226, 10587.805663999998, 10659.509765999997, 10659.509765999997, 10353.104491999999, 10275.502929999999, 10275.502929999999, 10593.980468999998, 10638.217772999998, 10426.571288999998, 11226.661132999998, 11226.661132999998, 11226.661132999998, 11225.320800999998, 14168.148925999998, 13622.272949999999, 13622.272949999999, 13813.520996, 13813.520996, 13590.469726, 13590.469726, 14536.246093, 14543.370604, 14521.915525999999, 14166.612303999998, 14166.612303999998, 14166.612303999998, 14224.266112999998, 14265.535644999998, 14015.944824999999, 13790.884767, 13467.303224, 12963.000001, 12971.038087, 12801.581055999999, 12614.732911, 12678.742188, 12549.597656999998, 12549.597656999998, 12549.597656999998, 12549.597656999998, 12394.782227, 12430.659180999999, 12430.659180999999, 12430.659180999999, 12543.683107, 12664.262208, 12665.116211999999, 12868.567872, 13344.917968999998, 13510.291503999997, 13438.793945999998, 13438.793945999998, 13438.254883999998, 13676.021974, 13367.603516999998, 13484.322755, 13484.322755, 13374.594727, 13374.594727, 13384.683106, 12390.357422, 12251.241211, 12251.241211, 12370.780274, 12284.634766000001, 12301.543946, 12211.305664, 11949.985351, 11949.985351, 11856.489257999998, 11609.479491999999, 11609.479491999999, 11609.479491999999, 11803.571288999998, 11338.971678999997, 10876.579100999996, 11282.672850999996, 11238.899412999997, 11238.899412999997, 11238.899412999997, 11240.874021999998, 11240.874021999998, 11681.852536999999, 11579.610349999999, 11603.834959, 12025.749998000001, 12025.749998000001, 11951.216794000002, 11951.216794000002, 12292.022458000001, 12381.253904000001, 12642.753904000001, 12642.753904000001, 12642.753904000001, 12009.583982000002, 11886.626951000002, 12031.409178000002, 11896.726561000003, 11907.951170000002, 11907.951170000002, 11896.525389000002, 11917.865232000002, 11917.865232000002, 12466.162107000002, 12306.008787000002, 12306.008787000002, 12396.774412000002, 12461.441404000003, 12461.441404000003, 12514.970701000004, 12584.697264000004, 12706.972654000003, 12665.591795000004, 12665.591795000004, 12665.591795000004, 12665.591795000004, 12347.052733000004, 12347.052733000004, 12445.129881000004, 12322.696287000004, 12417.817380000004, 12468.642575000005, 12468.642575000005, 12468.642575000005, 12468.642575000005, 12506.181637000005, 12457.926754000006, 12510.075191000005, 12812.700191000005, 12715.816402000006, 12715.816402000006, 12865.842770000005, 12860.392575000003, 12823.227536000004, 12858.672848000004, 12858.672848000004, 12863.183590000004, 12814.123043000003, 12814.123043000003, 12833.703121000004, 12833.703121000004, 12833.703121000004, 12810.713863000003, 13023.086910000002, 13173.370113, 13119.439449000001, 13070.817379000002, 13070.817379000002, 13295.749996000002, 13295.749996000002, 13191.109371000002, 13378.624019000003, 13367.243160000002, 13153.987301000003, 12716.964841000003, 13422.115231000003, 13219.535153000004, 13219.535153000004, 13762.734372000004, 13762.734372000004, 13940.156247000004, 13790.664060000005, 13790.664060000005, 13790.664060000005, 13790.664060000005, 13610.326170000006, 13610.326170000006, 13606.538084000005, 13509.537108000004, 13483.418944000003, 13842.163085000002, 13581.500975000003, 13348.899412000004, 13465.771482000004, 13465.771482000004, 13465.771482000004, 13480.620115000003, 13480.620115000003, 13073.166014000002, 12951.697264000002, 12951.697264000002, 13168.901366000002, 13203.090820000001, 13203.090820000001, 13203.090820000001, 12911.928710000002, 12361.139648000002, 11199.245117000002, 11480.693360000001, 11480.693360000001, 11480.693360000001, 11480.693360000001, 11242.903321000002, 11242.903321000002, 11122.094727000003, 11090.208008000003, 11090.208008000003, 11090.208008000003, 11090.208008000003, 10971.011719000004, 11148.155273000004, 11172.416992000004, 11179.651367000004, 11179.651367000004, 11179.651367000004, 10706.985352000003, 10785.821290000004, 11099.414063000004, 10581.344727000003, 10536.162110000003, 10483.961915000004, 10483.961915000004, 10483.961915000004, 10347.594728000002, 10405.387697000002, 10405.387697000002, 10366.161135000002, 10366.161135000002, 10482.669924000003, 10482.669924000003, 10660.784181000003, 10660.784181000003, 10906.787111000003, 10669.568361000003, 10669.568361000003, 10669.109377000002, 10669.109377000002, 10669.109377000002, 10633.130861000001, 10505.753908, 10505.753908, 10676.11426, 11586.726565, 11586.726565, 11586.726565, 11410.238284000001, 11410.238284000001, 11454.285159000001, 10875.308597000001, 10875.308597000001, 10708.724612000002, 10817.373050000006, 11051.835940000003, 11095.721682000001, 11095.721682000001, 11095.721682000001, 11095.721682000001, 9649.606446999998, 9635.757814, 9635.757814, 8989.944336999999, 8989.944336999999, 9031.392579000001, 9441.823243, 9441.823243, 9441.823243, 9192.153321, 9192.153321, 9192.153321, 8232.438477000002, 8232.438477000002, 8232.438477000002, 8232.438477000002, 8232.438477000002, 7960.208008, 7966.104492, 7966.104492, 8338.393554000004, 9917.610351000001, 9917.610351000001, 9313.129882, 8855.280272999998, 7407.7666009999975, 8238.538084999998, 8637.885741, 8398.413084000002, 7651.211912000001, 7651.211912000001, 7460.270506000003, 7308.772459000002, 7308.772459000002, 7541.803709000002, 7253.497069000003, 7048.4716780000035, 6296.135741000004, 6631.752929000004, 6529.600586000002, 6699.756836000002, 6699.756836000002, 6699.756836000002, 7030.9208990000025, 7030.9208990000025, 7415.3916020000015, 6744.018555000004, 6744.018555000004, 6744.018555000004, 6744.018555000004, 6744.018555000004, 6744.018555000004, 6911.096680000004, 7715.083008000003, 7715.083008000003, 9195.946289000005, 9035.799805000008, 9035.799805000008, 6284.987305000008, 6284.987305000008, 6284.987305000008, 6284.987305000008, 6284.987305000008, 3747.819336000006, 3747.819336000006, 4281.913086000006, 6179.690430000008, 3399.815430000008, 4993.213867000011, 1591.9755860000132, 3454.194336000013, 3454.194336000013, 4097.70214900001, 3725.331055000015, 3725.331055000015, 3725.331055000015, 3222.967774000017, 7946.666993000015, 10134.803712000017, 9216.688477000016, 9216.688477000016, 9216.688477000016, 9005.45214900002, 9005.45214900002]}