{"learning_rate": 0.2, "discount_rate": 0.9, "lookback_window": 5, "random_rate": 0.1, "commission": 0, "q_table": [[-0.20000000000000007, -0.8, 0.0], [53.200000000000216, -1.4, 0.0], [10.199999999999996, -3.0000000000000004, 0.0], [-1.7999999999999998, -1.2, 0.0], [-0.4000000000000001, 1.9999999999999998, 0.0]], "value_over_time": [10000, 10000, 10252.779297000001, 10252.779297000001, 10252.779297000001, 10376.446290000002, 10266.865235000001, 10266.865235000001, 10266.865235000001, 10312.119141000001, 10312.119141000001, 10312.119141000001, 10312.119141000001, 10312.119141000001, 10312.119141000001, 10287.593751, 10548.791017, 10277.382814, 10277.382814, 9759.615236000001, 9719.015627, 9719.015627, 9719.015627, 9681.71094, 9681.71094, 9604.109378000001, 9570.81348, 9889.291019, 9889.291019, 9677.644535, 9677.644535, 9490.142581999999, 9477.725100999998, 9479.065433, 6536.237308, 6536.237308, 6536.237308, 6344.989262, 5974.23975, 6197.29102, 6197.29102, 7143.067387, 7135.942876, 7114.487797999999, 7469.79102, 8054.731449, 8054.731449, 8054.731449, 8013.461917, 7763.871097, 7763.871097, 7440.289554000001, 7440.289554000001, 7440.289554000001, 7440.289554000001, 7627.137699000001, 7563.128421999999, 7692.272953, 7620.864749999999, 7620.864749999999, 7620.864749999999, 7775.6801799999985, 7739.803225999998, 7301.480959999999, 7293.123537999999, 7406.147464, 7406.147464, 7405.293460000001, 7201.841800000001, 7678.191897, 7678.191897, 7678.191897, 7373.276857999999, 7373.276857999999, 7611.043948, 7919.462405000001, 8036.181643000003, 8055.634768000003, 8165.362796000002, 8165.362796000002, 8165.362796000002, 9159.688480000004, 9298.804691000003, 9106.820316000003, 9226.359379000003, 9140.213871000004, 9157.123051000002, 9157.123051000002, 9418.443364000002, 10108.066411000003, 10108.066411000003, 10108.066411000003, 10108.066411000003, 10108.066411000003, 10302.158208000003, 10766.757818000004, 10766.757818000004, 11172.851568000004, 11216.625006000002, 11512.434576000001, 11563.314458, 11565.289067000002, 11362.941410000001, 11803.919925000002, 11906.162112000002, 11906.162112000002, 11906.162112000002, 11906.162112000002, 11831.628908000002, 11831.628908000002, 11490.823244000003, 11490.823244000003, 11490.823244000003, 11251.776369000003, 11251.776369000003, 10618.606447000004, 10618.606447000004, 10763.388674000003, 10628.706057000005, 10617.481448000006, 10723.331057000005, 10734.756838000005, 10756.096681000005, 10832.072267000005, 10832.072267000005, 10832.072267000005, 10826.614259000005, 10917.379884000005, 10982.046876000006, 10982.046876000006, 10928.517579000005, 10858.791016000005, 10736.515626000006, 10736.515626000006, 10709.218751000006, 11057.021485000007, 11042.603516000008, 10724.064454000008, 10724.064454000008, 10625.987306000008, 10625.987306000008, 10721.108399000008, 10771.93359400001, 10771.93359400001, 10771.93359400001, 10771.93359400001, 10734.39453200001, 10734.39453200001, 10682.24609500001, 10984.87109500001, 10887.98730600001, 11063.29980600001, 10913.273438000011, 10918.723633000012, 10918.723633000012, 10954.168945000012, 10920.578125000011, 10920.578125000011, 10871.51757800001, 10871.51757800001, 10851.93750000001, 10859.793945000009, 10859.793945000009, 10859.793945000009, 10647.42089800001, 10797.704101000008, 10851.634765000008, 10851.634765000008, 10989.262694000008, 10989.262694000008, 12074.917968000007, 11970.277343000007, 12157.791991000007, 12169.172850000008, 12382.428709000007, 12382.428709000007, 12382.428709000007, 12179.848631000008, 12139.538084000009, 11596.338865000009, 11626.241209000009, 11448.819334000009, 11598.311521000009, 11536.725584000009, 11752.58007600001, 11281.458006000008, 11461.795896000007, 11266.063474000008, 11262.275388000007, 11359.276364000008, 11385.39452800001, 11744.138669000009, 11744.138669000009, 11976.740232000007, 12093.612302000007, 12093.612302000007, 12189.959958000007, 12189.959958000007, 12189.959958000007, 11782.505857000006, 11903.974607000006, 12066.185544000005, 12066.185544000005, 12066.185544000005, 12066.185544000005, 12066.185544000005, 12066.185544000005, 12066.185544000005, 10904.291013000005, 10904.291013000005, 10561.328123000005, 10561.328123000005, 10649.893553000005, 10412.103514000006, 10412.103514000006, 10412.103514000006, 10443.990233000006, 10476.299803000005, 10476.299803000005, 10124.196287000006, 10124.196287000006, 10301.339841000006, 10301.339841000006, 10308.574216000006, 10308.574216000006, 10150.975583000007, 10150.975583000007, 10150.975583000007, 9837.382810000006, 10355.452146000007, 10355.452146000007, 10355.452146000007, 10355.452146000007, 10305.137692000008, 10441.50487900001, 10383.711910000009, 10383.711910000009, 10344.48534800001, 10326.17187100001, 10209.663082000008, 10325.629879000007, 10325.629879000007, 10325.629879000007, 10571.632809000008, 10808.851559000008, 10896.951169000007, 10897.410153000008, 10897.410153000008, 10716.705075000007, 10752.683591000008, 10880.060544000009, 10880.060544000009, 10880.060544000009, 11790.67284900001, 11954.928709000009, 11914.918944000008, 12091.407225000008, 12014.51757600001, 12058.56445100001, 12637.54101300001, 12637.54101300001, 12470.95702800001, 12470.95702800001, 12470.95702800001, 12470.95702800001, 12470.95702800001, 12870.80663700001, 13054.02538700001, 14500.140622000014, 14486.291989000016, 14486.291989000016, 15132.105466000017, 14984.825193000017, 14943.376951000015, 14943.376951000015, 14368.332029000016, 14409.700193000015, 14160.030271000014, 14272.582028000013, 15033.116208000014, 15033.116208000014, 15033.116208000014, 15046.344724000013, 14242.114255000015, 14263.030271000014, 13990.799802000012, 13996.696286000013, 14739.145505000011, 14739.145505000011, 13159.928708000014, 13159.928708000014, 12555.448239000012, 13013.297848000013, 13013.297848000013, 13844.069332000014, 14243.416988000015, 14243.416988000015, 14243.416988000015, 14699.262691000014, 14890.204097000013, 14738.706050000012, 13868.321284000012, 13868.321284000012, 13868.321284000012, 13868.321284000012, 14620.657221000012, 14956.274409000012, 15058.426752000014, 15228.583002000014, 17120.362299000015, 18617.172845000016, 18617.172845000016, 18617.172845000016, 18232.702142000016, 18232.702142000016, 19221.692376000017, 18681.063470000016, 19176.809564000014, 20108.030267000013, 21868.051751000014, 21700.973626000014, 22504.959954000013, 22785.586907000008, 24266.45018800001, 24106.303704000013, 23726.161126000017, 20975.348626000017, 20322.733391000016, 21161.768547000018, 19146.379875000024, 21957.129875000024, 24494.297844000026, 24494.297844000026, 25028.391594000026, 26926.168938000028, 24146.293938000028, 22552.895501000025, 25954.133782000023, 27816.352532000023, 27816.352532000023, 27816.352532000023, 27443.981438000028, 28281.81737600003, 27709.38768900003, 28211.750970000026, 23488.051751000028, 25676.18847000003, 24758.07323500003, 24758.07323500003, 24838.66698500003, 24627.430657000034, 26758.913079000038]}