{"learning_rate": 0.2, "discount_rate": 0.9, "lookback_window": 5, "random_rate": 0.1, "commission": 0, "q_table": [[-0.20000000000000007, -0.6, 0.0], [48.60000000000015, -1.0, 0.0], [7.600000000000003, -2.8000000000000003, 0.0], [-1.0, -1.2, 0.0], [-0.4000000000000001, 2.4, 0.0]], "value_over_time": [10000, 10072.048827999999, 10324.828125, 10065.879883000001, 10065.879883000001, 10189.546876000002, 10079.965821000002, 9979.400391000001, 9554.968751000002, 9600.222657000002, 9353.804688000004, 9353.804688000004, 8843.392579000003, 8822.542970000004, 8822.542970000004, 8822.542970000004, 9083.740236000003, 8812.332033000004, 8812.332033000004, 8294.564455000005, 8253.964846000004, 8253.964846000004, 8182.260744000005, 8144.956057000005, 8451.361331000004, 8373.759769000004, 8373.759769000004, 8692.237308000003, 8692.237308000003, 8480.590824000003, 8480.590824000003, 8293.088871000002, 8293.088871000002, 8291.748539, 5348.920414, 5348.920414, 4976.208988, 4784.960942000001, 4414.21143, 4637.2627, 4637.2627, 5583.039067000001, 5575.914556000001, 5575.914556000001, 5931.217778000001, 5931.217778000001, 6229.378911000001, 6171.725102000001, 6171.725102000001, 5922.134282000002, 5922.134282000002, 5598.5527390000025, 5094.249516000003, 5102.287602000002, 5271.744633000003, 5458.592778000003, 5394.583501000001, 5523.728032000002, 5452.319829000001, 5936.051274000001, 5936.051274000001, 6090.866704000001, 6054.989750000001, 5616.667484000001, 5608.310062000001, 5721.333988000002, 5721.333988000002, 5720.479984000003, 5517.0283240000035, 5517.0283240000035, 5682.401859000003, 5610.904301000003, 5305.989262000003, 5305.989262000003, 5305.989262000003, 5614.407719000004, 5731.126957000006, 5750.580082000006, 5860.308110000005, 5860.308110000005, 5860.308110000005, 5860.308110000005, 5999.424321000004, 5999.424321000004, 6118.963384000004, 6118.963384000004, 6135.872564000003, 6135.872564000003, 5874.552251000003, 6564.175298000004, 6564.175298000004, 6564.175298000004, 6564.175298000004, 6564.175298000004, 6758.267095000003, 7222.866705000004, 7685.259283000005, 7279.165533000005, 7322.938971000003, 7618.748541000003, 7669.628423000002, 7671.603032000003, 7469.2553750000025, 7469.2553750000025, 7571.497562000002, 7571.497562000002, 7149.582523000001, 7149.582523000001, 7075.049319000002, 7075.049319000002, 7415.854983000001, 7415.854983000001, 7677.354983000001, 7438.308108000001, 6734.645022000001, 6101.4751000000015, 6224.432131000001, 6369.214358000001, 6234.5317410000025, 6223.307132000004, 6223.307132000004, 6234.7329130000035, 6256.072756000003, 6332.048342000004, 6332.048342000004, 6171.895022000004, 6171.895022000004, 6262.660647000004, 6262.660647000004, 6346.418459000004, 6292.889162000003, 6223.162599000003, 6100.887209000004, 6142.268068000003, 6114.971193000003, 6462.773927000004, 6448.355958000006, 6766.895020000005, 6766.895020000005, 6668.817872000005, 6546.384278000005, 6546.384278000005, 6597.209473000006, 6597.209473000006, 6597.209473000006, 6597.209473000006, 6559.670411000006, 6559.670411000006, 6507.521974000007, 6810.146974000007, 6713.263185000007, 6888.575685000007, 6738.549317000008, 6743.999512000009, 6706.83447300001, 6742.27978500001, 6742.27978500001, 6746.79052700001, 6746.79052700001, 6746.79052700001, 6766.370605000011, 6774.22705000001, 6774.22705000001, 6751.237792000009, 6751.237792000009, 6901.520995000008, 6955.451659000008, 6906.829589000008, 7044.457518000008, 7269.390135000009, 8355.045409000008, 8250.404784000008, 8250.404784000008, 8261.785643000008, 8475.041502000007, 8475.041502000007, 9180.191892000008, 8977.611814000009, 8937.30126700001, 8394.10204800001, 8394.10204800001, 8394.10204800001, 8543.59423500001, 8482.00829800001, 8697.86279000001, 8697.86279000001, 8878.200680000009, 8682.46825800001, 8678.68017200001, 8775.68114800001, 8801.799312000012, 9160.543453000011, 9160.543453000011, 9160.543453000011, 9277.41552300001, 8991.87841400001, 9088.22607000001, 9103.07470300001, 9103.07470300001, 9103.07470300001, 9103.07470300001, 9265.28564000001, 9265.28564000001, 9265.28564000001, 9265.28564000001, 9232.79931200001, 9523.96142200001, 9523.96142200001, 8362.06689100001, 8080.618648000011, 7737.65575800001, 7737.65575800001, 7826.22118800001, 7588.431149000011, 7696.62743800001, 7817.436032000009, 7849.322751000009, 7881.632321000008, 7881.632321000008, 7529.528805000009, 7529.528805000009, 7529.528805000009, 7529.528805000009, 7536.763180000009, 7536.763180000009, 7379.164547000009, 7379.164547000009, 7379.164547000009, 7065.571774000009, 7065.571774000009, 7110.7543910000095, 7162.954586000009, 7162.954586000009, 7112.6401320000095, 7249.007319000011, 7191.214350000011, 7191.214350000011, 7151.987788000011, 7133.674311000012, 7250.183100000013, 7250.183100000013, 7250.183100000013, 7250.183100000013, 7496.1860300000135, 7733.4047800000135, 7821.504390000013, 7821.963374000014, 7821.963374000014, 8002.668452000014, 8002.668452000014, 8130.045405000015, 8130.045405000015, 8130.045405000015, 9040.657710000016, 9204.913570000015, 9164.903805000014, 9341.392086000014, 9264.502437000016, 9308.549312000016, 9887.525874000015, 9504.596186000015, 9504.596186000015, 9613.244624000019, 9613.244624000019, 9613.244624000019, 9799.78759300002, 10199.63720200002, 10382.85595200002, 11828.971187000023, 11815.122554000025, 12547.249507000026, 13193.062984000027, 13045.782711000027, 13004.334469000025, 13414.765133000024, 13989.810055000024, 14031.178219000023, 13781.508297000022, 13894.060054000021, 14654.594234000022, 14654.594234000022, 14654.594234000022, 14654.594234000022, 14654.594234000022, 14633.678218000023, 14905.908687000025, 14911.805171000025, 15654.254390000024, 15654.254390000024, 14075.037593000026, 14075.037593000026, 14679.518062000028, 14679.518062000028, 14679.518062000028, 15510.289546000029, 15909.63720200003, 15670.164545000032, 15670.164545000032, 16126.010248000031, 16316.95165400003, 16165.453607000029, 15295.06884100003, 15528.10009100003, 15528.10009100003, 15528.10009100003, 16280.43602800003, 16616.05321600003, 16718.20555900003, 16888.36180900003, 18780.141106000032, 20276.951652000032, 19945.787589000032, 19945.787589000032, 19561.316886000033, 19561.316886000033, 20550.307120000034, 20550.307120000034, 21046.053214000032, 21977.27391700003, 23737.295401000032, 23570.217276000032, 24374.20360400003, 24654.830557000027, 24654.830557000027, 24654.830557000027, 24274.68797900003, 21523.87547900003, 22176.490714000032, 23015.525870000034, 21000.13719800004, 23810.88719800004, 26348.055167000042, 26348.055167000042, 26882.148917000042, 28779.926261000044, 26000.051261000044, 26000.051261000044, 26000.051261000044, 27862.270011000044, 27862.270011000044, 27862.270011000044, 27489.89891700005, 28327.734855000053, 28327.734855000053, 27825.371574000055, 23101.672355000057, 25289.80907400006, 24371.693839000058, 24371.693839000058, 24452.287589000058, 24241.051261000062, 26372.533683000067]}