{"learning_rate": 0.2, "discount_rate": 0.9, "lookback_window": 5, "random_rate": 0, "commission": 0, "q_table": [[-0.20000000000000007, -0.8, 0.0], [69.60000000000045, -1.4, 0.0], [20.39999999999996, -3.0000000000000004, 0.0], [-1.7999999999999998, -1.2, 0.0], [-0.4000000000000001, 1.5999999999999999, 0.0]], "value_over_time": [10000, 10000, 10252.779297000001, 9993.831055000002, 9993.831055000002, 10117.498048000003, 10007.916993000003, 9907.351563000002, 9907.351563000002, 9952.605469000002, 9952.605469000002, 9952.605469000002, 9952.605469000002, 9952.605469000002, 9952.605469000002, 9952.605469000002, 10213.802735000001, 10213.802735000001, 9904.195313000002, 9386.427735000003, 9345.828126000002, 9345.828126000002, 9345.828126000002, 9308.523439000002, 9308.523439000002, 9230.921877000002, 9230.921877000002, 9549.399416000002, 9549.399416000002, 9337.752932000001, 9337.752932000001, 9150.250979, 9137.833498, 9139.17383, 6196.345705, 6196.345705, 5823.634279, 5823.634279, 5452.884767, 5675.9360369999995, 5675.9360369999995, 6621.712404, 6614.587893, 6614.587893, 6969.891115, 7554.831544000001, 7554.831544000001, 7497.177735000001, 7497.177735000001, 7247.586915000002, 7247.586915000002, 6924.005372000002, 6924.005372000002, 6932.043458000002, 6932.043458000002, 7118.891603000002, 7054.882326, 7184.026857000001, 7184.026857000001, 7667.758302000001, 7570.528810000001, 7725.34424, 7689.467286, 7251.145020000001, 7242.787598000001, 7355.811524000002, 7355.811524000002, 7354.957520000003, 7151.505860000003, 7627.855957000002, 7793.229492000001, 7793.229492000001, 7488.314453000001, 7488.314453000001, 7726.081543000001, 8034.500000000003, 8151.219238000004, 8170.672363000004, 8280.400391000003, 8396.582520000002, 8396.582520000002, 9390.908204000003, 9530.024415000002, 9530.024415000002, 9649.563478000002, 9649.563478000002, 9666.472658, 9666.472658, 9927.792971, 10617.416018000002, 10617.416018000002, 10617.416018000002, 10617.416018000002, 10617.416018000002, 10811.507815, 11276.107425000002, 11738.500003000003, 11332.406253000003, 11376.179691000001, 11671.989261, 11722.869143, 11724.843752, 11522.496095, 11522.496095, 11624.738282, 11624.738282, 11624.738282, 11624.738282, 11550.205078, 11893.841797000001, 12234.647461, 12234.647461, 12496.147461, 12257.100586, 12960.763672000001, 12327.593750000002, 12327.593750000002, 12472.375977000002, 12337.693360000003, 12326.468751000004, 12326.468751000004, 12337.894532000004, 12359.234375000004, 12435.209961000004, 12435.209961000004, 12435.209961000004, 12429.751953000005, 12429.751953000005, 12494.418945000005, 12578.176757000005, 12524.647460000004, 12454.920897000004, 12332.645507000005, 12374.026366000004, 12346.729491000004, 12694.532225000004, 12680.114256000006, 12680.114256000006, 12680.114256000006, 12680.114256000006, 12680.114256000006, 12775.235349000006, 12826.060544000007, 12826.060544000007, 12826.060544000007, 12718.331052000007, 12680.791990000007, 12680.791990000007, 12628.643553000007, 12931.268553000007, 12834.384764000008, 13009.697264000008, 12859.670896000009, 12865.12109100001, 12827.95605200001, 12863.40136400001, 12829.810544000009, 12829.810544000009, 12829.810544000009, 12770.057614000008, 12789.63769200001, 12797.494137000009, 12797.494137000009, 12797.494137000009, 12797.494137000009, 12947.777340000008, 13001.708004000007, 13001.708004000007, 13139.335933000008, 13364.268550000008, 14449.923824000007, 14345.283199000007, 14532.797847000007, 14544.178706000008, 14757.434565000007, 14757.434565000007, 15462.584955000008, 15260.004877000008, 15219.69433000001, 14676.49511100001, 14706.39745500001, 14528.97558000001, 14678.46776700001, 14616.88183000001, 14832.73632200001, 14832.73632200001, 15013.074212000009, 14817.34179000001, 14813.553704000009, 14910.55468000001, 14936.672844000012, 15295.41698500001, 15295.41698500001, 15528.01854800001, 15644.890618000009, 15359.353509000008, 15455.701165000008, 15455.701165000008, 15455.701165000008, 15455.701165000008, 15577.169915000008, 15739.380852000008, 15739.380852000008, 15739.380852000008, 15739.380852000008, 15706.894524000008, 15706.894524000008, 15156.105462000009, 13994.210931000009, 13712.76268800001, 13369.79979800001, 13369.79979800001, 13458.36522800001, 13220.57518900001, 13112.37890000001, 13233.187494000009, 13265.074213000009, 13297.383783000008, 13297.383783000008, 12945.28026700001, 12945.28026700001, 12945.28026700001, 12945.28026700001, 12952.51464200001, 12952.51464200001, 12794.91600900001, 12794.91600900001, 12794.91600900001, 12481.32323600001, 12999.39257200001, 12999.39257200001, 12999.39257200001, 12999.39257200001, 12949.07811800001, 13085.445305000012, 13027.652336000012, 13027.652336000012, 12988.425774000012, 12970.112297000012, 13086.621086000014, 13086.621086000014, 13086.621086000014, 13086.621086000014, 13332.624016000014, 13569.842766000014, 13657.942376000014, 13658.401360000014, 13658.401360000014, 13658.401360000014, 13694.379876000015, 13821.756829000016, 13821.756829000016, 13821.756829000016, 14732.369134000017, 14896.624994000016, 14856.615229000015, 15033.103510000015, 14956.213861000017, 15000.260736000017, 15579.237298000016, 15579.237298000016, 15579.237298000016, 15579.237298000016, 15579.237298000016, 15579.237298000016, 15579.237298000016, 15979.086907000017, 16162.305657000017, 17608.42089200002, 17594.572259000022, 17594.572259000022, 18240.385736000026, 18093.105463000025, 18051.657221000023, 18051.657221000023, 18051.657221000023, 18051.657221000023, 17801.987299000022, 17801.987299000022, 18562.521479000025, 18562.521479000025, 18721.335932000024, 18734.564448000023, 18734.564448000023, 18713.648432000024, 18985.878901000026, 18991.775385000026, 19734.224604000025, 19734.224604000025, 18155.007807000027, 18155.007807000027, 18759.48827600003, 19217.33788500003, 19217.33788500003, 20048.10936900003, 20447.457025000032, 20447.457025000032, 20447.457025000032, 20903.30272800003, 21094.24413400003, 20942.74608700003, 20072.36132100003, 20072.36132100003, 20072.36132100003, 20072.36132100003, 20824.69725800003, 21160.31444600003, 21262.46678900003, 21432.62303900003, 23324.402336000032, 24821.212882000033, 25152.376945000033, 25152.376945000033, 24767.906242000034, 24767.906242000034, 25756.896476000034, 25756.896476000034, 26252.642570000033, 27183.86327300003, 28943.884757000033, 28776.806632000033, 28776.806632000033, 29057.433585000028, 30538.29686600003, 30538.29686600003, 30158.154288000034, 27407.341788000034, 26754.726553000033, 27593.761709000035, 25578.37303700004, 28389.12303700004, 30926.291006000043, 30926.291006000043, 31460.384756000043, 33358.162100000045, 30578.287100000045, 28984.88866300004, 32386.12694400004, 34248.34569400004, 34248.34569400004, 34248.34569400004, 33875.974600000045, 34713.81053800005, 34713.81053800005, 35216.17381900005, 30492.47460000005, 32680.61131900005, 31762.49608400005, 31762.49608400005, 31843.08983400005, 31631.853506000054, 33763.33592800006]}