{"learning_rate": 0.2, "discount_rate": 0.9, "lookback_window": 5, "random_rate": 0.1, "commission": 0, "q_table": [[-0.4000000000000001, -0.19999999999999996, 0.0], [35.19999999999996, -0.8, 0.0], [4.000000000000001, -1.7999999999999998, 0.0], [-1.7999999999999998, -0.8, 0.0], [-0.6000000000000001, 1.2, 0.0]], "value_over_time": [10000, 10000, 10000, 10000, 10000, 10123.666993, 10123.666993, 10123.666993, 10123.666993, 10123.666993, 9877.249024000002, 9877.249024000002, 9877.249024000002, 9877.249024000002, 9877.249024000002, 9877.249024000002, 9877.249024000002, 9877.249024000002, 9877.249024000002, 9877.249024000002, 9877.249024000002, 9877.249024000002, 9877.249024000002, 9877.249024000002, 9877.249024000002, 9799.647462000003, 9799.647462000003, 10118.125001000002, 10118.125001000002, 10118.125001000002, 10118.125001000002, 10118.125001000002, 10118.125001000002, 10118.125001000002, 7175.296876000002, 7175.296876000002, 7175.296876000002, 6984.048830000002, 6984.048830000002, 6984.048830000002, 6984.048830000002, 6984.048830000002, 6976.9243190000025, 6976.9243190000025, 6621.621097000002, 6621.621097000002, 6621.621097000002, 6621.621097000002, 6621.621097000002, 6372.030277000003, 6372.030277000003, 6695.611820000002, 6695.611820000002, 6703.6499060000015, 6703.6499060000015, 6890.498051000001, 6890.498051000001, 6890.498051000001, 6890.498051000001, 7374.229496000002, 7277.000004000001, 7431.815434000001, 7431.815434000001, 7431.815434000001, 7431.815434000001, 7544.839360000002, 7544.839360000002, 7543.985356000003, 7340.533696000003, 7816.883793000002, 7816.883793000002, 7816.883793000002, 7816.883793000002, 7816.883793000002, 7816.883793000002, 8125.302250000003, 8242.021488000006, 8261.474613000006, 8371.202641000005, 8371.202641000005, 8361.114262000006, 8361.114262000006, 8500.230473000005, 8308.246098000005, 8308.246098000005, 8308.246098000005, 8308.246098000005, 8308.246098000005, 8308.246098000005, 8308.246098000005, 8308.246098000005, 8308.246098000005, 8308.246098000005, 8308.246098000005, 8502.337895000004, 8502.337895000004, 8964.730473000005, 8558.636723000005, 8558.636723000005, 8854.446293000005, 8905.326175000004, 8905.326175000004, 8905.326175000004, 8905.326175000004, 9007.568362000004, 9007.568362000004, 9007.568362000004, 9007.568362000004, 8933.035158000004, 8933.035158000004, 8933.035158000004, 8933.035158000004, 8933.035158000004, 8933.035158000004, 8933.035158000004, 8933.035158000004, 9055.992189000004, 9200.774416000004, 9200.774416000004, 9189.549807000005, 9189.549807000005, 9200.975588000005, 9222.315431000005, 9298.291017000005, 9298.291017000005, 9298.291017000005, 9292.833009000005, 9202.067384000005, 9202.067384000005, 9285.825196000005, 9232.295899000004, 9162.569336000004, 9040.293946000005, 9040.293946000005, 9012.997071000005, 9360.799805000006, 9360.799805000006, 9679.338867000006, 9679.338867000006, 9679.338867000006, 9679.338867000006, 9679.338867000006, 9679.338867000006, 9679.338867000006, 9679.338867000006, 9679.338867000006, 9679.338867000006, 9679.338867000006, 9679.338867000006, 9679.338867000006, 9679.338867000006, 9679.338867000006, 9529.312499000007, 9534.762694000008, 9534.762694000008, 9570.208006000008, 9570.208006000008, 9570.208006000008, 9570.208006000008, 9510.455076000007, 9530.035154000008, 9530.035154000008, 9530.035154000008, 9530.035154000008, 9530.035154000008, 9530.035154000008, 9583.965818000008, 9583.965818000008, 9721.593747000008, 9946.526364000008, 11032.181638000007, 10927.541013000007, 10927.541013000007, 10938.921872000008, 11152.177731000007, 11152.177731000007, 11857.328121000008, 11654.748043000009, 11614.43749600001, 11071.23827700001, 11101.14062100001, 10923.71874600001, 11073.21093300001, 11011.62499600001, 11227.47948800001, 11698.601558000011, 11878.93944800001, 11878.93944800001, 11875.15136200001, 11972.15233800001, 11998.270502000012, 12357.014643000011, 12357.014643000011, 12589.61620600001, 12706.48827600001, 12420.951167000008, 12517.298823000008, 12517.298823000008, 12517.298823000008, 12517.298823000008, 12638.767573000008, 12800.978510000008, 12800.978510000008, 12800.978510000008, 12800.978510000008, 12800.978510000008, 12800.978510000008, 12250.189448000008, 11088.294917000008, 10806.84667400001, 10463.883784000009, 10577.01855000001, 10665.58398000001, 10665.58398000001, 10557.38769100001, 10678.196285000009, 10710.08300400001, 10742.392574000009, 10742.392574000009, 10390.28905800001, 10390.28905800001, 10390.28905800001, 10414.55077700001, 10421.78515200001, 10261.19140200001, 10103.59276900001, 10576.25878400001, 10576.25878400001, 10262.66601100001, 10780.73534700001, 10735.55273000001, 10787.75292500001, 10787.75292500001, 10737.43847100001, 10873.805658000012, 10816.012689000012, 10816.012689000012, 10816.012689000012, 10797.699212000012, 10681.190423000011, 10797.15722000001, 10797.15722000001, 10856.49022800001, 11102.49315800001, 11339.71190800001, 11427.81151800001, 11428.27050200001, 11428.27050200001, 11247.56542400001, 11247.56542400001, 11374.94237700001, 11374.94237700001, 11374.94237700001, 12285.55468200001, 12449.81054200001, 12409.80077700001, 12586.28905800001, 12509.39940900001, 12509.39940900001, 13088.37597100001, 12705.44628300001, 12705.44628300001, 12705.44628300001, 12705.44628300001, 12705.44628300001, 12705.44628300001, 12705.44628300001, 12888.66503300001, 14334.780268000013, 14320.931635000015, 14320.931635000015, 14966.745112000017, 14819.464839000017, 14819.464839000017, 14819.464839000017, 14819.464839000017, 14860.833003000016, 14611.163081000015, 14723.714838000014, 15484.249018000015, 15484.249018000015, 15643.063471000014, 15656.291987000013, 14852.061518000015, 14831.145502000016, 15103.375971000018, 15109.272455000018, 15851.721674000017, 15479.432612000013, 15479.432612000013, 15479.432612000013, 16083.913081000015, 16541.762690000018, 16541.762690000018, 15710.991206000017, 16110.338862000019, 16110.338862000019, 16110.338862000019, 16566.184565000018, 16757.125971000016, 16605.627924000015, 15735.243158000016, 15735.243158000016, 15735.243158000016, 15735.243158000016, 16487.579095000016, 16823.196283000016, 16925.348626000017, 17095.504876000017, 18987.28417300002, 20484.09471900002, 20815.25878200002, 20815.25878200002, 20430.78807900002, 20430.78807900002, 21419.77831300002, 20879.14940700002, 21374.895501000017, 22306.116204000016, 24066.137688000017, 23899.059563000017, 23899.059563000017, 24179.686516000012, 25660.549797000014, 25660.549797000014, 25280.40721900002, 22529.59471900002, 22529.59471900002, 23368.62987500002, 21353.241203000027, 24163.991203000027, 26701.15917200003, 26701.15917200003, 27235.25292200003, 29133.03026600003, 26353.15526600003, 27946.553703000034, 27946.553703000034, 29808.772453000034, 29808.772453000034, 29808.772453000034, 29436.40135900004, 30274.237297000043, 30274.237297000043, 30776.60057800004, 30776.60057800004, 32964.73729700004, 32046.622062000042, 32046.622062000042, 32046.622062000042, 31835.385734000047, 33966.868156000055]}