{"learning_rate": 0.2, "discount_rate": 0.9, "lookback_window": 5, "random_rate": 0.1, "commission": 0, "q_table": [[-0.4000000000000001, -0.19999999999999996, 0.0], [42.20000000000006, -0.8, 0.0], [7.600000000000004, -2.6, 0.0], [-1.4, -0.6000000000000001, 0.0], [-0.6000000000000001, 1.0, 0.0]], "value_over_time": [10000, 10000, 10252.779297000001, 10511.727539, 10511.727539, 10635.394532, 10525.813477, 10525.813477, 10101.381837, 10146.635743, 9900.217774000002, 10350.983399000002, 10350.983399000002, 10350.983399000002, 10350.983399000002, 10350.983399000002, 10612.180665000002, 10340.772462000003, 10340.772462000003, 9823.004884000004, 9782.405275000003, 9782.405275000003, 9782.405275000003, 9745.100588000003, 10051.505862000002, 10051.505862000002, 10051.505862000002, 10369.983401000001, 10369.983401000001, 10158.336917, 10158.336917, 10345.838870000001, 10333.421389000001, 10334.761721000003, 7391.933596000003, 7937.809572000003, 7565.098146000003, 7373.850100000003, 7003.100588000003, 7226.151858000003, 7226.151858000003, 8171.928225000003, 8164.803714000003, 8143.348636000002, 8498.651858000003, 9083.592287000003, 9083.592287000003, 9025.938478000004, 9025.938478000004, 8776.347658000004, 8776.347658000004, 8452.766115000006, 8957.069338000005, 8965.107424000005, 9134.564455000007, 9321.412600000007, 9321.412600000007, 9450.557131000009, 9450.557131000009, 9934.28857600001, 10031.51806800001, 10186.33349800001, 10150.456544000011, 9712.134278000012, 9703.776856000011, 9816.800782000013, 9816.800782000013, 9815.946778000014, 10019.398438000015, 10019.398438000015, 10019.398438000015, 10019.398438000015, 9714.483399000015, 9714.483399000015, 9952.250489000016, 10260.668946000018, 10377.38818400002, 10396.84130900002, 10506.569337000019, 10622.751466000018, 10622.751466000018, 11617.07715000002, 11756.193361000018, 11564.208986000018, 11683.748049000018, 11597.602541000018, 11580.69336100002, 11580.69336100002, 11842.01367400002, 12531.63672100002, 12531.63672100002, 12531.63672100002, 12531.63672100002, 12531.63672100002, 12725.72851800002, 13190.328128000021, 13652.720706000022, 13246.626956000022, 13290.40039400002, 13586.20996400002, 13637.089846000019, 13639.06445500002, 13436.71679800002, 13436.71679800002, 13538.95898500002, 13538.95898500002, 13538.95898500002, 13538.95898500002, 13464.42578100002, 13808.06250000002, 14148.86816400002, 14148.86816400002, 14410.36816400002, 14171.32128900002, 14874.98437500002, 14241.81445300002, 14364.77148400002, 14509.55371100002, 14374.871094000022, 14363.646485000023, 14469.496094000022, 14480.921875000022, 14502.261718000022, 14578.237304000022, 14578.237304000022, 14418.083984000023, 14412.625976000023, 14503.391601000023, 14503.391601000023, 14587.149413000023, 14533.620116000022, 14463.893553000022, 14341.618163000023, 14382.999022000022, 14355.702147000022, 14703.504881000023, 14703.504881000023, 14703.504881000023, 14703.504881000023, 14605.427733000022, 14605.427733000022, 14700.548826000022, 14751.374021000023, 14798.961912000024, 14798.961912000024, 14798.961912000024, 14761.422850000024, 14761.422850000024, 14709.274413000025, 15011.899413000025, 14915.015624000025, 15090.328124000025, 14940.301756000026, 14934.851561000025, 14897.686522000025, 14862.241210000026, 14862.241210000026, 14866.751952000026, 14817.691405000025, 14757.938475000024, 14777.518553000025, 14785.374998000025, 14785.374998000025, 14762.385740000023, 14762.385740000023, 14912.668943000022, 14966.599607000022, 14917.977537000022, 15055.605466000023, 15280.538083000023, 16366.193357000022, 16261.552732000022, 16261.552732000022, 16272.933591000023, 16486.18945000002, 16486.18945000002, 16486.18945000002, 16283.60937200002, 16283.60937200002, 15740.41015300002, 15770.31249700002, 15592.89062200002, 15742.38280900002, 15680.79687200002, 15896.651364000021, 15896.651364000021, 16076.98925400002, 15881.256832000021, 15877.46874600002, 15974.469722000022, 16000.587886000023, 16359.332027000022, 16359.332027000022, 16591.933590000022, 16708.80566000002, 16423.26855100002, 16519.61620700002, 16519.61620700002, 16519.61620700002, 16519.61620700002, 16641.08495700002, 16803.29589400002, 16586.09179200002, 16586.09179200002, 16586.09179200002, 16586.09179200002, 16294.929682000022, 16294.929682000022, 15133.035151000022, 14851.586908000023, 14508.624018000022, 14621.758784000023, 14710.324214000024, 14472.534175000024, 14472.534175000024, 14472.534175000024, 14504.420894000024, 14536.730464000024, 14536.730464000024, 14184.626948000025, 14184.626948000025, 14007.483394000024, 14007.483394000024, 14014.717769000024, 14014.717769000024, 14014.717769000024, 14487.383784000025, 14487.383784000025, 14173.791011000025, 14691.860347000025, 14691.860347000025, 14691.860347000025, 14691.860347000025, 14641.545893000026, 14777.913080000028, 14720.120111000027, 14558.439447000028, 14519.212885000028, 14500.899408000028, 14617.40819700003, 14501.44140000003, 14501.44140000003, 14501.44140000003, 14747.444330000031, 14984.663080000031, 15072.76269000003, 15073.221674000031, 15141.968744000033, 15322.673822000033, 15322.673822000033, 15450.050775000034, 15697.049798000035, 15697.049798000035, 14786.437493000034, 14950.693353000033, 14950.693353000033, 15127.181634000033, 15050.291985000034, 15094.338860000034, 15673.315422000034, 15290.385734000034, 15290.385734000034, 15290.385734000034, 15290.385734000034, 15290.385734000034, 15290.385734000034, 15690.235343000035, 15873.454093000035, 17319.569328000038, 17305.72069500004, 17305.72069500004, 17951.534172000043, 17804.253899000043, 17762.80565700004, 18173.23632100004, 18748.28124300004, 18748.28124300004, 18748.28124300004, 18748.28124300004, 19508.815423000044, 19508.815423000044, 19508.815423000044, 19508.815423000044, 19508.815423000044, 19487.899407000044, 19760.129876000046, 19766.026360000047, 20508.475579000045, 20508.475579000045, 20508.475579000045, 20508.475579000045, 21112.956048000047, 21570.805657000048, 23018.31932900005, 23018.31932900005, 23417.66698500005, 23417.66698500005, 23417.66698500005, 23873.51268800005, 24064.454094000048, 23912.956047000047, 23042.571281000048, 23275.602531000048, 23563.909171000047, 23358.883780000047, 24111.219717000047, 24446.836905000047, 24548.98924800005, 24719.14549800005, 26610.92479500005, 28107.73534100005, 28107.73534100005, 28107.73534100005, 27723.26463800005, 27723.26463800005, 28712.254872000052, 28712.254872000052, 29208.00096600005, 30139.22166900005, 31899.24315300005, 31899.24315300005, 32703.22948100005, 32983.856434000045, 31502.993153000043, 31502.993153000043, 31122.850575000048, 28372.038075000048, 27719.422840000047, 28558.45799600005, 26543.069324000055, 29353.819324000055, 31890.987293000057, 31890.987293000057, 32425.081043000057, 34322.85838700006, 31542.98338700006, 29949.584950000055, 33350.82323100005, 35213.04198100005, 35213.04198100005, 34569.53416800006, 34569.53416800006, 33731.69823000005, 33731.69823000005, 34234.06151100005, 34234.06151100005, 36422.19823000005, 35504.08299500005, 35504.08299500005, 35584.67674500005, 35373.44041700005, 37504.92283900005]}