{"learning_rate": 0.2, "discount_rate": 0.9, "lookback_window": 5, "random_rate": 1, "commission": 0, "q_table": [[1.2, -5.551115123125783e-17, 0.0], [84.00000000000065, -9.0, 0.0], [26.799999999999937, -3.8000000000000007, 0.0], [-0.8, -1.0, 0.0], [-0.4000000000000001, 4.000000000000001, 0.0]], "value_over_time": [10000, 10072.048827999999, 9819.269530999998, 9819.269530999998, 9466.924804999997, 9466.924804999997, 9466.924804999997, 9466.924804999997, 9891.356444999996, 9846.102538999996, 10092.520507999994, 10092.520507999994, 10092.520507999994, 10071.670898999995, 10071.670898999995, 10047.145508999994, 10308.342774999994, 10036.934571999995, 10036.934571999995, 10554.702149999994, 10595.301758999994, 10595.301758999994, 10523.597656999995, 10486.292969999995, 10486.292969999995, 10486.292969999995, 10519.588867999995, 10838.066406999995, 10838.066406999995, 10838.066406999995, 10838.066406999995, 10650.564453999994, 10662.981934999994, 10662.981934999994, 13605.810059999994, 13605.810059999994, 13978.521485999994, 14169.769531999995, 14169.769531999995, 14392.820801999995, 14404.145508999994, 13458.369141999994, 13465.493652999994, 13486.948730999995, 13486.948730999995, 12902.008301999995, 12902.008301999995, 12959.662110999994, 12959.662110999994, 13209.252930999994, 12984.192872999993, 12984.192872999993, 13488.496095999992, 13496.534181999992, 13327.07715099999, 13140.22900599999, 13204.238282999991, 13333.382813999993, 13333.382813999993, 12849.651368999992, 12849.651368999992, 13004.46679899999, 13040.34375299999, 12602.02148699999, 12610.378908999992, 12497.35498299999, 12497.35498299999, 12498.208986999989, 12294.757326999988, 11818.40722999999, 11983.780764999989, 12055.278322999988, 12055.278322999988, 12055.278322999988, 12055.278322999988, 11746.859865999986, 11630.140627999985, 11630.140627999985, 11739.868655999984, 11856.050784999983, 11856.050784999983, 12850.376468999984, 12711.260257999986, 12903.244632999986, 12903.244632999986, 12989.390140999985, 12972.480960999987, 13062.719242999987, 13062.719242999987, 12373.096195999986, 12466.592288999987, 12466.592288999987, 13301.330569999987, 13301.330569999987, 13107.238772999988, 13571.83838299999, 13109.445804999988, 12703.352054999988, 12703.352054999988, 12407.542484999989, 12407.542484999989, 12405.567875999988, 12405.567875999988, 11964.589360999988, 11964.589360999988, 11964.589360999988, 11964.589360999988, 11843.762212999987, 11918.295416999987, 12261.932135999987, 11921.126471999987, 11831.895025999987, 12093.395025999987, 12093.395025999987, 12093.395025999987, 12093.395025999987, 12093.395025999987, 11948.612798999988, 12083.295415999986, 12083.295415999986, 12189.145024999985, 12200.570805999985, 12179.230962999985, 12179.230962999985, 11630.934087999985, 11470.780767999986, 11470.780767999986, 11380.015142999986, 11444.682134999986, 11444.682134999986, 11391.152837999985, 11460.879400999986, 11338.604010999987, 11338.604010999987, 11365.900885999987, 11713.703619999987, 11728.121588999986, 11728.121588999986, 11728.121588999986, 11728.121588999986, 11605.687994999986, 11700.809087999985, 11700.809087999985, 11653.221196999984, 11735.561039999984, 11627.831547999984, 11627.831547999984, 11579.576664999984, 11527.428227999984, 11527.428227999984, 11430.544438999985, 11255.231938999985, 11405.258306999984, 11399.808111999982, 11362.643072999983, 11398.088384999983, 11431.679204999984, 11427.168462999984, 11427.168462999984, 11427.168462999984, 11427.168462999984, 11435.024907999983, 11462.836431999982, 11485.825689999983, 11485.825689999983, 11335.542486999984, 11389.473150999984, 11438.095220999983, 11438.095220999983, 11213.162603999983, 10127.507329999984, 10232.147954999984, 10044.633306999984, 10044.633306999984, 10257.889165999983, 10257.889165999983, 10257.889165999983, 10460.469243999982, 10460.469243999982, 10460.469243999982, 10460.469243999982, 10283.047368999982, 10133.555181999982, 10071.969244999982, 10071.969244999982, 9600.84717499998, 9420.509284999982, 9616.241706999981, 9612.45362099998, 9515.45264499998, 9489.334480999978, 9489.334480999978, 9228.672370999979, 9228.672370999979, 9228.672370999979, 9228.672370999979, 9325.020026999979, 9325.020026999979, 9435.926276999979, 9843.38037799998, 9843.38037799998, 10005.59131499998, 10005.59131499998, 10039.780768999979, 10039.780768999979, 10072.267096999978, 10072.267096999978, 10072.267096999978, 11234.161627999978, 11234.161627999978, 11234.161627999978, 11234.161627999978, 11322.727057999979, 11084.937018999979, 11084.937018999979, 10964.12842499998, 10964.12842499998, 10964.12842499998, 10835.484869999982, 10483.381353999983, 10483.381353999983, 10483.381353999983, 10483.381353999983, 10490.615728999983, 10651.209478999983, 10651.209478999983, 10178.543463999982, 10099.707525999982, 10099.707525999982, 9581.638189999981, 9536.455572999981, 9588.65576799998, 9567.168462999982, 9516.854008999982, 9380.48682199998, 9438.27979099998, 9276.599126999981, 9315.825688999981, 9297.512211999981, 9297.512211999981, 9181.545414999982, 9181.545414999982, 9240.878422999982, 8994.875492999981, 9232.094242999981, 9143.994632999982, 9144.453616999983, 9144.453616999983, 9325.158694999984, 9361.137210999985, 9361.137210999985, 9114.138187999984, 8943.777835999985, 8033.165530999984, 8197.421390999983, 8237.431155999984, 8413.919436999984, 8490.809085999983, 8446.762210999983, 8446.762210999983, 8829.691898999983, 8829.691898999983, 8721.04346099998, 8721.04346099998, 8721.04346099998, 8721.04346099998, 8321.193851999979, 8321.193851999979, 9767.309086999981, 9781.15771999998, 9781.15771999998, 10426.97119699998, 10426.97119699998, 10426.97119699998, 10426.97119699998, 10426.97119699998, 10468.33936099998, 10468.33936099998, 10468.33936099998, 11228.87354099998, 12188.58838499998, 12188.58838499998, 12201.816900999978, 13006.047369999977, 13006.047369999977, 13006.047369999977, 13000.150885999976, 12257.701666999978, 12257.701666999978, 12257.701666999978, 12303.21338599998, 11698.732916999978, 11698.732916999978, 10251.219244999977, 9420.447760999976, 9420.447760999976, 9659.920417999974, 8912.719245999973, 9368.564948999972, 9559.50635499997, 9711.004401999971, 10581.38916799997, 10581.38916799997, 10869.69580799997, 10869.69580799997, 10869.69580799997, 10534.07861999997, 10534.07861999997, 10363.92236999997, 8472.143072999968, 8472.143072999968, 8803.307135999969, 8803.307135999969, 8803.307135999969, 8131.934088999971, 8131.934088999971, 8672.562994999973, 9168.309088999971, 10099.52979199997, 10099.52979199997, 10099.52979199997, 10903.51611999997, 11184.143072999965, 9703.279791999963, 9543.133307999966, 9543.133307999966, 6792.320807999966, 6139.705572999965, 6978.740728999966, 4963.352056999973, 7774.102056999973, 10311.270025999975, 11727.113775999975, 12261.207525999975, 14158.984869999977, 14158.984869999977, 12565.586432999973, 15966.824713999971, 14104.605963999971, 16435.945806999975, 17079.45361999997, 17451.824713999966, 16613.988775999962, 16041.559088999958, 16041.559088999958, 11317.85986999996, 9129.723150999958, 10047.83838599996, 9822.836432999953, 9822.836432999953, 9611.600104999958, 11743.082526999962]}