{"learning_rate": 0.2, "discount_rate": 0.9, "lookback_window": 5, "random_rate": 1, "commission": 0, "q_table": [[0.39999999999999997, -5.551115123125783e-17, 0.0], [81.60000000000062, -6.400000000000003, 0.0], [25.39999999999994, -3.600000000000001, 0.0], [-0.6000000000000001, -1.2, 0.0], [-0.20000000000000007, 3.600000000000001, 0.0]], "value_over_time": [10000, 10072.048827999999, 10324.828125, 10583.776366999999, 10231.431640999997, 10107.764647999997, 10107.764647999997, 10007.199217999996, 10007.199217999996, 9961.945311999996, 10208.363280999994, 10659.128905999994, 11169.541014999995, 11190.390623999994, 11190.390623999994, 11190.390623999994, 11451.587889999993, 11451.587889999993, 11451.587889999993, 11451.587889999993, 11492.187498999994, 11375.914060999996, 11447.618162999996, 11410.313475999996, 11716.718749999995, 11794.320311999994, 11761.024413999994, 11442.546874999995, 11486.784178999995, 11275.137694999994, 11275.137694999994, 11275.137694999994, 11275.137694999994, 11276.478026999994, 11276.478026999994, 11822.354002999993, 12195.065428999993, 12003.817382999994, 12003.817382999994, 12226.868652999994, 12226.868652999994, 13172.645019999994, 13179.769530999994, 13201.224608999995, 13201.224608999995, 13201.224608999995, 12903.063475999996, 12960.717284999995, 12960.717284999995, 12711.126464999996, 12936.186522999997, 13259.768065999997, 13259.768065999997, 13267.806151999997, 13437.263183, 13250.415038, 13314.424315, 13185.279783999998, 13256.687987, 13256.687987, 13256.687987, 13101.872556999999, 13101.872556999999, 13540.194822999998, 13548.552244999999, 13435.528318999997, 13556.107419999997, 13556.107419999997, 13759.559079999995, 13759.559079999995, 13594.185544999997, 13665.683102999996, 13665.683102999996, 13665.144040999996, 13902.911130999997, 13594.492673999996, 13711.211911999997, 13691.758786999997, 13691.758786999997, 13575.576657999998, 13575.576657999998, 14569.902342, 14709.018552999998, 14517.034177999998, 14397.495114999998, 14483.640622999998, 14483.640622999998, 14573.878904999998, 14573.878904999998, 13884.255857999997, 13977.751950999998, 14224.761716999998, 13390.023435999998, 13236.284177999998, 13042.192380999999, 13506.791991, 13506.791991, 13100.698241, 13100.698241, 13396.507811, 13447.387692999999, 13445.413083999998, 13445.413083999998, 13445.413083999998, 13343.170896999998, 13367.395505999999, 13367.395505999999, 13246.568357999999, 13172.035154, 12828.398435, 12487.592771, 12398.361325, 12659.861325, 12898.9082, 13602.571286, 13602.571286, 13479.614255, 13624.396482, 13759.079098999999, 13759.079098999999, 13759.079098999999, 13759.079098999999, 13759.079098999999, 13683.103512999998, 13134.806637999998, 13294.959957999998, 13294.959957999998, 13385.725582999998, 13450.392574999998, 13534.150386999998, 13480.621089999997, 13410.894526999997, 13533.169916999996, 13491.789057999997, 13491.789057999997, 13143.986323999996, 13158.404292999994, 12839.865230999994, 12790.551754999993, 12790.551754999993, 12790.551754999993, 12695.430661999993, 12695.430661999993, 12695.430661999993, 12777.770504999993, 12777.770504999993, 12815.309566999993, 12815.309566999993, 12763.161129999993, 13065.786129999993, 13162.669918999993, 12987.357418999993, 13137.383786999992, 13131.93359199999, 13094.76855299999, 13130.21386499999, 13163.804684999992, 13163.804684999992, 13114.744137999991, 13054.99120799999, 13054.99120799999, 13047.134762999991, 13047.134762999991, 13024.14550499999, 12811.77245799999, 12811.77245799999, 12757.84179399999, 12757.84179399999, 12895.469722999991, 13120.402339999991, 13120.402339999991, 13015.761714999991, 12828.247066999991, 12816.86620799999, 12603.610348999991, 12603.610348999991, 13308.760738999992, 13308.760738999992, 13349.071285999991, 13349.071285999991, 13378.973629999991, 13378.973629999991, 13528.465816999991, 13528.465816999991, 13744.320308999992, 13744.320308999992, 13563.982418999993, 13563.982418999993, 13567.770504999993, 13470.769528999992, 13496.887692999993, 13138.143551999994, 12877.481441999995, 12644.879878999996, 12528.007808999997, 12242.470699999996, 12338.818355999996, 12338.818355999996, 12227.912105999996, 12635.366206999997, 12756.834956999997, 12756.834956999997, 12756.834956999997, 12756.834956999997, 12959.626948999998, 12992.113276999997, 12992.113276999997, 12441.324214999997, 11279.429683999997, 11560.877926999996, 11217.915036999995, 11217.915036999995, 11129.349606999995, 11129.349606999995, 11021.153317999995, 11021.153317999995, 11053.040036999995, 11085.349606999995, 11085.349606999995, 11085.349606999995, 11085.349606999995, 10908.206052999994, 10883.944333999994, 10891.178708999994, 11051.772458999994, 11209.371091999994, 11209.371091999994, 11288.207029999994, 10974.614256999994, 10456.544920999993, 10411.362303999993, 10411.362303999993, 10389.874998999994, 10339.560544999995, 10475.927731999996, 10418.134762999996, 10256.454098999997, 10217.227536999997, 10198.914059999997, 10315.422848999999, 10315.422848999999, 10137.308592, 10196.641599999999, 9950.638669999998, 10187.857419999998, 10187.857419999998, 10188.316404, 10188.316404, 10007.611325999998, 10007.611325999998, 9880.234372999998, 9880.234372999998, 9880.234372999998, 9880.234372999998, 9715.978512999998, 9755.988277999999, 9755.988277999999, 9755.988277999999, 9711.941402999999, 10290.917964999999, 9907.988276999999, 10074.572261999998, 10074.572261999998, 10074.572261999998, 10030.68652, 10217.229489, 10617.079098, 10433.860348, 11879.975583000003, 11866.126950000005, 12598.253903000006, 12598.253903000006, 12745.534176000006, 12745.534176000006, 12335.103512000007, 12335.103512000007, 12293.735348000007, 12543.405270000008, 12430.85351300001, 12430.85351300001, 12430.85351300001, 12589.667966000008, 12602.896482000007, 13407.126951000006, 13428.042967000005, 13155.812498000003, 13149.916014000002, 12407.466795000004, 12779.755857000007, 11200.53906000001, 11155.027341000008, 10550.546872000006, 10550.546872000006, 10550.546872000006, 10550.546872000006, 10151.199216000005, 10390.671873000003, 10390.671873000003, 9934.826170000004, 9743.884764000006, 9743.884764000006, 9743.884764000006, 9510.853514000006, 9510.853514000006, 9305.828123000007, 9305.828123000007, 9641.445311000007, 9539.292968000005, 9369.136718000005, 9369.136718000005, 7872.326172000005, 7541.162109000004, 7541.162109000004, 7541.162109000004, 8212.535156000002, 8212.535156000002, 8212.535156000002, 8212.535156000002, 7281.314453000003, 5521.292969000002, 5688.371094000002, 5688.371094000002, 5688.371094000002, 7169.234375000004, 7009.0878910000065, 7009.0878910000065, 9759.900391000006, 9759.900391000006, 9759.900391000006, 11775.289063, 11775.289063, 14312.457032000002, 15728.300782000002, 16262.394532000002, 16262.394532000002, 13482.519532000002, 15075.917969000006, 18477.156250000004, 20339.375000000004, 22670.714843000005, 22670.714843000005, 22298.34374900001, 23136.179687000014, 22563.75000000001, 22563.75000000001, 17840.050781000013, 20028.187500000015, 19110.072265000013, 19335.07421800002, 19415.66796800002, 19415.66796800002, 17284.185546000015]}