{"learning_rate": 0.2, "discount_rate": 0.9, "lookback_window": 5, "random_rate": 0, "commission": 0, "q_table": [[-0.20000000000000007, -0.8, 0.0], [65.00000000000038, -1.4, 0.0], [15.599999999999977, -3.0000000000000004, 0.0], [-1.7999999999999998, -1.2, 0.0], [-0.4000000000000001, 1.5999999999999999, 0.0]], "value_over_time": [10000, 10072.048827999999, 10324.828125, 10324.828125, 10324.828125, 10448.495118, 10338.914063, 10338.914063, 9914.482423000001, 9959.736329000001, 9959.736329000001, 9959.736329000001, 9449.32422, 9449.32422, 9449.32422, 9424.79883, 9685.996095999999, 9685.996095999999, 9376.388674, 8858.621096, 8818.021487, 8818.021487, 8818.021487, 8780.7168, 9087.122073999999, 9009.520512, 9009.520512, 9327.998050999999, 9327.998050999999, 9116.351566999998, 9116.351566999998, 8928.849613999997, 8916.432132999997, 8917.772464999998, 5974.944339999998, 5974.944339999998, 5974.944339999998, 5783.6962939999985, 5412.946781999998, 5635.998051999998, 5635.998051999998, 6581.7744189999985, 6574.6499079999985, 6574.6499079999985, 6929.953129999999, 7514.893558999999, 7813.054691999999, 7755.400882999999, 7796.670415, 7547.079595, 7547.079595, 7547.079595, 7547.079595, 7555.117681, 7724.5747120000005, 7911.4228570000005, 7847.413579999999, 7976.558110999999, 7976.558110999999, 8460.289556, 8460.289556, 8615.104985999998, 8579.228031999999, 8579.228031999999, 8570.870609999998, 8683.894536, 8683.894536, 8683.040532, 8479.588872, 8955.938968999999, 9121.312503999998, 9121.312503999998, 9121.312503999998, 9121.312503999998, 9359.079593999999, 9667.498051, 9784.217289000002, 9803.670414000002, 9803.670414000002, 9919.852543, 9919.852543, 10914.178227000002, 11053.294438, 10861.310063, 10980.849126000001, 10894.703618000001, 10894.703618000001, 10894.703618000001, 11156.023931000002, 11845.646978000002, 11845.646978000002, 11845.646978000002, 11845.646978000002, 11845.646978000002, 12039.738775000002, 12504.338385000003, 12966.730963000004, 12560.637213000004, 12604.410651000002, 12900.220221000001, 12951.100103, 12953.074712000001, 12750.727055000001, 12750.727055000001, 12852.969242000001, 12852.969242000001, 12852.969242000001, 12852.969242000001, 12778.436038000002, 12778.436038000002, 13119.241702000001, 13119.241702000001, 13119.241702000001, 12880.194827000001, 12880.194827000001, 12247.024905000002, 12247.024905000002, 12391.807132000002, 12257.124515000003, 12245.899906000004, 12245.899906000004, 12257.325687000004, 12278.665530000004, 12354.641116000004, 12354.641116000004, 12354.641116000004, 12349.183108000005, 12439.948733000005, 12504.615725000005, 12588.373537000005, 12534.844240000004, 12465.117677000004, 12342.842287000005, 12384.223146000004, 12356.926271000004, 12704.729005000005, 12690.311036000006, 12690.311036000006, 12690.311036000006, 12592.233888000006, 12469.800294000006, 12564.921387000006, 12615.746582000007, 12615.746582000007, 12615.746582000007, 12508.017090000007, 12470.478028000007, 12470.478028000007, 12418.329591000007, 12720.954591000007, 12624.070802000007, 12799.383302000007, 12649.356934000009, 12654.80712900001, 12617.64209000001, 12653.08740200001, 12619.496582000009, 12624.00732400001, 12574.946777000008, 12515.193847000008, 12534.773925000009, 12542.630370000008, 12542.630370000008, 12519.641112000007, 12519.641112000007, 12669.924315000006, 12723.854979000005, 12723.854979000005, 12861.482908000005, 13086.415525000006, 14172.070799000005, 14067.430174000005, 14254.944822000005, 14266.325681000006, 14479.581540000005, 14479.581540000005, 14479.581540000005, 14277.001462000006, 14236.690915000006, 13693.491696000006, 13723.394040000006, 13545.972165000006, 13695.464352000006, 13633.878415000006, 13849.732907000007, 13849.732907000007, 14030.070797000006, 13834.338375000007, 13830.550289000006, 13927.551265000007, 13953.669429000009, 14312.413570000008, 14312.413570000008, 14312.413570000008, 14429.285640000007, 14143.748531000007, 14240.096187000006, 14240.096187000006, 14240.096187000006, 14240.096187000006, 14361.564937000006, 14523.775874000006, 14523.775874000006, 14523.775874000006, 14523.775874000006, 14523.775874000006, 14523.775874000006, 14523.775874000006, 13361.881343000006, 13080.433100000007, 12737.470210000007, 12737.470210000007, 12826.035640000007, 12588.245601000008, 12480.049312000008, 12480.049312000008, 12511.936031000008, 12544.245601000008, 12544.245601000008, 12192.142085000009, 12192.142085000009, 12192.142085000009, 12192.142085000009, 12199.376460000009, 12199.376460000009, 12041.777827000009, 12041.777827000009, 12041.777827000009, 11728.185054000009, 12246.25439000001, 12291.43700700001, 12291.43700700001, 12291.43700700001, 12241.12255300001, 12377.489740000012, 12319.696771000012, 12158.016107000012, 12118.789545000012, 12100.476068000013, 12216.984857000014, 12332.951654000013, 12332.951654000013, 12332.951654000013, 12578.954584000014, 12816.173334000014, 12904.272944000013, 12904.731928000014, 12904.731928000014, 13085.437006000015, 13085.437006000015, 13212.813959000016, 13212.813959000016, 13212.813959000016, 14123.426264000016, 14287.682124000015, 14247.672359000015, 14424.160640000015, 14347.270991000016, 14391.317866000016, 14970.294428000016, 14970.294428000016, 14970.294428000016, 14970.294428000016, 14970.294428000016, 14970.294428000016, 15156.837397000016, 15556.687006000016, 15739.905756000016, 17186.02099100002, 17172.17235800002, 17172.17235800002, 17817.98583500002, 17670.70556200002, 17670.70556200002, 18081.13622600002, 18656.181148000018, 18656.181148000018, 18406.511226000017, 18519.062983000018, 19279.59716300002, 19279.59716300002, 19279.59716300002, 19292.82567900002, 19292.82567900002, 19271.90966300002, 19544.140132000022, 19550.036616000023, 20292.48583500002, 20292.48583500002, 18713.269038000024, 18713.269038000024, 19317.749507000026, 19775.599116000027, 19775.599116000027, 20606.370600000027, 21005.71825600003, 21005.71825600003, 21005.71825600003, 21461.56395900003, 21652.505365000026, 21501.007318000025, 20630.622552000026, 20630.622552000026, 20630.622552000026, 20630.622552000026, 21382.958489000026, 21718.575677000026, 21820.728020000028, 21990.884270000028, 23882.66356700003, 25379.47411300003, 25710.63817600003, 26447.60497300003, 26063.13427000003, 26063.13427000003, 27052.124504000032, 27052.124504000032, 27547.87059800003, 28479.09130100003, 30239.11278500003, 30072.03466000003, 30072.03466000003, 30352.661613000026, 31833.524894000027, 31833.524894000027, 31453.382316000032, 28702.569816000032, 28049.95458100003, 28888.989737000033, 26873.60106500004, 29684.35106500004, 32221.51903400004, 32221.51903400004, 32755.61278400004, 34653.39012800004, 31873.515128000043, 30280.11669100004, 33681.35497200004, 35543.57372200004, 35543.57372200004, 35543.57372200004, 35543.57372200004, 36381.40966000004, 36381.40966000004, 36883.77294100004, 36883.77294100004, 39071.90966000004, 38153.794425000044, 38153.794425000044, 38153.794425000044, 37942.558097000045, 40074.040519000046]}