{"learning_rate": 0.2, "discount_rate": 0.9, "lookback_window": 5, "random_rate": 0, "commission": 0, "q_table": [[-0.20000000000000007, -0.8, 0.0], [76.20000000000054, -1.4, 0.0], [21.799999999999955, -3.0000000000000004, 0.0], [-1.7999999999999998, -1.2, 0.0], [-0.4000000000000001, 1.7999999999999998, 0.0]], "value_over_time": [10000, 10000, 10252.779297000001, 9993.831055000002, 9993.831055000002, 10117.498048000003, 10007.916993000003, 10007.916993000003, 9583.485353000004, 9628.739259000004, 9382.321290000005, 9382.321290000005, 9382.321290000005, 9361.471681000006, 9361.471681000006, 9336.946291000006, 9598.143557000005, 9326.735354000006, 9017.127932000007, 8499.360354000008, 8458.760745000007, 8458.760745000007, 8458.760745000007, 8421.456058000007, 8727.861332000006, 8650.259770000006, 8650.259770000006, 8968.737309000006, 8968.737309000006, 8757.090825000005, 7957.000981000004, 7769.499028000003, 7757.0815470000025, 7758.421879000003, 4815.593754000003, 4815.593754000003, 4815.593754000003, 4624.3457080000035, 4253.596196000003, 4476.647466000003, 4476.647466000003, 5422.4238330000035, 5415.2993220000035, 5393.844244000003, 5749.147466000003, 6334.087895000003, 6334.087895000003, 6276.434086000004, 6317.703618000004, 6068.112798000005, 6068.112798000005, 5744.531255000005, 5744.531255000005, 5752.569341000005, 5752.569341000005, 5939.417486000005, 5875.408209000003, 6004.552740000004, 5933.144537000003, 6416.875982000003, 6319.646490000003, 6474.4619200000025, 6438.584966000002, 6000.262700000003, 5991.905278000003, 6104.929204000004, 6104.929204000004, 6104.075200000005, 5900.623540000005, 6376.973637000004, 6542.347172000003, 6542.347172000003, 6542.347172000003, 6542.347172000003, 6780.114262000004, 7088.532719000005, 7205.251957000007, 7224.705082000007, 7334.433110000006, 7334.433110000006, 7334.433110000006, 7334.433110000006, 7473.549321000005, 7473.549321000005, 7593.088384000005, 7506.9428760000055, 7523.852056000004, 7523.852056000004, 7785.172369000004, 8474.795416000004, 8474.795416000004, 8474.795416000004, 8474.795416000004, 8474.795416000004, 8668.887213000004, 9133.486823000005, 9595.879401000006, 9189.785651000006, 9233.559089000004, 9529.368659000003, 9580.248541000003, 9582.223150000003, 9379.875493000003, 9379.875493000003, 9482.117680000003, 9482.117680000003, 9482.117680000003, 9482.117680000003, 9407.584476000004, 9407.584476000004, 9748.390140000003, 9748.390140000003, 10009.890140000003, 9770.843265000003, 9770.843265000003, 9137.673343000004, 9137.673343000004, 9282.455570000004, 9147.772953000005, 9136.548344000006, 9136.548344000006, 9147.974125000006, 9169.313968000006, 9245.289554000006, 9245.289554000006, 9085.136234000007, 9085.136234000007, 9175.901859000007, 9175.901859000007, 9259.659671000007, 9206.130374000006, 9136.403811000006, 9014.128421000007, 9055.509280000006, 9028.212405000006, 9376.015139000006, 9361.597170000008, 9361.597170000008, 9361.597170000008, 9263.520022000008, 9141.086428000008, 9236.207521000008, 9287.032716000009, 9287.032716000009, 9287.032716000009, 9287.032716000009, 9249.493654000009, 9249.493654000009, 9197.34521700001, 9499.97021700001, 9403.08642800001, 9578.39892800001, 9428.37256000001, 9433.822755000012, 9396.657716000012, 9432.103028000012, 9398.512208000011, 9403.022950000011, 9353.96240300001, 9294.20947300001, 9313.78955100001, 9321.64599600001, 9321.64599600001, 9298.656738000009, 9086.28369100001, 9236.566894000009, 9290.497558000008, 9290.497558000008, 9428.125487000008, 9653.058104000009, 10738.713378000008, 10634.072753000008, 10821.587401000008, 10832.968260000009, 11046.224119000008, 11046.224119000008, 11046.224119000008, 10843.644041000009, 10843.644041000009, 10300.444822000009, 10330.347166000009, 10152.925291000009, 10302.417478000008, 10240.831541000009, 10456.686033000009, 10456.686033000009, 10637.023923000008, 10441.291501000009, 10437.503415000008, 10534.50439100001, 10560.62255500001, 10919.36669600001, 10919.36669600001, 11151.968259000008, 11268.840329000008, 10983.303220000007, 11079.650876000007, 11079.650876000007, 11190.557126000007, 11190.557126000007, 11312.025876000007, 11474.236813000007, 11474.236813000007, 11474.236813000007, 11474.236813000007, 11474.236813000007, 11765.398923000006, 11765.398923000006, 10603.504392000006, 10322.056149000007, 9979.093259000007, 10092.228025000008, 10180.793455000008, 9943.003416000009, 9943.003416000009, 10063.812010000007, 10095.698729000007, 10128.008299000006, 10128.008299000006, 9775.904783000007, 9775.904783000007, 9775.904783000007, 9800.166502000007, 9807.400877000007, 9646.807127000007, 9489.208494000008, 9489.208494000008, 9489.208494000008, 9175.615721000007, 9175.615721000007, 9220.798338000008, 9272.998533000007, 9272.998533000007, 9222.684079000008, 9359.05126600001, 9301.25829700001, 9301.25829700001, 9262.03173500001, 9243.71825800001, 9360.227047000011, 9360.227047000011, 9360.227047000011, 9360.227047000011, 9606.229977000012, 9843.448727000012, 9931.548337000011, 9932.007321000012, 9932.007321000012, 9932.007321000012, 9967.985837000013, 9967.985837000013, 9967.985837000013, 9967.985837000013, 10878.598142000013, 11042.854002000013, 11002.844237000012, 11179.332518000012, 11102.442869000013, 11146.489744000013, 11725.466306000013, 11342.536618000013, 11175.952633000014, 11284.601071000017, 11284.601071000017, 11284.601071000017, 11471.144040000017, 11870.993649000018, 12054.212399000018, 13500.327634000021, 13486.479001000023, 13486.479001000023, 13486.479001000023, 13339.198728000023, 13297.75048600002, 13708.18115000002, 13708.18115000002, 13708.18115000002, 13458.51122800002, 13571.062985000019, 14331.59716500002, 14331.59716500002, 14490.411618000018, 14490.411618000018, 14490.411618000018, 14469.495602000019, 14741.726071000021, 14747.622555000022, 15490.07177400002, 15490.07177400002, 13910.854977000023, 13910.854977000023, 14515.335446000025, 14973.185055000025, 14973.185055000025, 15803.956539000026, 16203.304195000028, 16203.304195000028, 16203.304195000028, 16659.149898000025, 16850.091304000023, 16698.593257000022, 15828.208491000023, 15828.208491000023, 15828.208491000023, 15828.208491000023, 16580.544428000023, 16916.161616000023, 17018.313959000025, 17188.470209000025, 19080.249506000026, 20577.060052000026, 20908.224115000026, 20908.224115000026, 20523.753412000027, 20523.753412000027, 21512.743646000028, 21512.743646000028, 22008.489740000026, 22939.710443000025, 24699.731927000026, 24532.653802000026, 24532.653802000026, 24813.28075500002, 26294.144036000023, 26294.144036000023, 25914.001458000028, 23163.188958000028, 22510.573723000027, 23349.60887900003, 21334.220207000035, 24144.970207000035, 26682.138176000037, 26682.138176000037, 27216.231926000037, 29114.00927000004, 26334.13427000004, 24740.735833000035, 28141.974114000033, 30004.192864000033, 30004.192864000033, 30004.192864000033, 29631.82177000004, 30469.657708000042, 30469.657708000042, 30972.02098900004, 26248.321770000042, 28436.458489000044, 27518.343254000043, 27518.343254000043, 27598.937004000043, 27387.700676000048, 29519.183098000052]}