{"learning_rate": 0.2, "discount_rate": 0.9, "lookback_window": 5, "random_rate": 0.1, "commission": 0, "q_table": [[-0.4, -0.19999999999999996, 0.0], [15.999999999999975, -0.6000000000000001, 0.0], [-0.20000000000000007, -1.0, 0.0], [-0.19999999999999996, -0.6000000000000001, 0.0], [-0.4000000000000001, 1.0, 0.0]], "value_over_time": [10000, 10000, 10000, 10000, 10000, 10123.666993, 10123.666993, 10123.666993, 10123.666993, 10123.666993, 10123.666993, 10123.666993, 10123.666993, 10123.666993, 10123.666993, 10123.666993, 10123.666993, 10123.666993, 10123.666993, 10123.666993, 10123.666993, 10123.666993, 10123.666993, 10123.666993, 10123.666993, 10046.065431, 10046.065431, 10364.54297, 10364.54297, 10364.54297, 11164.632814, 11164.632814, 11164.632814, 11164.632814, 8221.804689, 8221.804689, 8221.804689, 8030.556643000001, 8030.556643000001, 8030.556643000001, 8030.556643000001, 8030.556643000001, 8037.681154000001, 8037.681154000001, 7682.377932, 8267.318361000001, 8267.318361000001, 8267.318361000001, 8267.318361000001, 8017.727541000002, 8017.727541000002, 8017.727541000002, 8017.727541000002, 8025.765627000002, 8025.765627000002, 8212.613772, 8212.613772, 8212.613772, 8141.205569, 8624.937014, 8527.707521999999, 8682.522952, 8682.522952, 8682.522952, 8674.165529999998, 8787.189456, 8787.189456, 8786.335452000001, 8786.335452000001, 9262.685549, 9262.685549, 9262.685549, 9262.685549, 9262.685549, 9500.452639, 9808.871096, 9925.590334000002, 9945.043459000002, 10054.771487000002, 10054.771487000002, 10044.683108000001, 10044.683108000001, 10183.799319, 10183.799319, 10183.799319, 10183.799319, 10183.799319, 10183.799319, 10445.119632, 10445.119632, 10445.119632, 10445.119632, 10445.119632, 10445.119632, 10639.211428999999, 11103.811039, 11566.203617000001, 11160.109867000001, 11160.109867000001, 11160.109867000001, 11210.989749, 11212.964358000001, 11212.964358000001, 11212.964358000001, 11315.206545000001, 11315.206545000001, 11315.206545000001, 11315.206545000001, 11240.673341000002, 11240.673341000002, 11581.479005000001, 11581.479005000001, 11581.479005000001, 11581.479005000001, 11581.479005000001, 12214.648927, 12337.605958, 12337.605958, 12337.605958, 12326.381349000001, 12326.381349000001, 12337.807130000001, 12337.807130000001, 12337.807130000001, 12337.807130000001, 12337.807130000001, 12337.807130000001, 12428.572755000001, 12428.572755000001, 12428.572755000001, 12375.043458, 12375.043458, 12375.043458, 12375.043458, 12375.043458, 12722.846192, 12708.428223000003, 12708.428223000003, 12708.428223000003, 12708.428223000003, 12708.428223000003, 12708.428223000003, 12708.428223000003, 12708.428223000003, 12708.428223000003, 12816.157715000003, 12816.157715000003, 12816.157715000003, 12816.157715000003, 12816.157715000003, 12816.157715000003, 12991.470215000003, 12841.443847000004, 12841.443847000004, 12841.443847000004, 12841.443847000004, 12841.443847000004, 12841.443847000004, 12841.443847000004, 12841.443847000004, 12861.023925000005, 12861.023925000005, 12861.023925000005, 12838.034667000004, 12838.034667000004, 12988.317870000003, 13042.248534000002, 13042.248534000002, 12904.620605000002, 13129.553222000002, 13129.553222000002, 13024.912597000002, 13212.427245000003, 13223.808104000003, 13223.808104000003, 13223.808104000003, 12518.657714000003, 12316.077636000004, 12316.077636000004, 11772.878417000004, 11772.878417000004, 11772.878417000004, 11772.878417000004, 11711.292480000004, 11927.146972000004, 11927.146972000004, 12107.484862000003, 11911.752440000004, 11911.752440000004, 11911.752440000004, 11937.870604000005, 12296.614745000004, 12296.614745000004, 12529.216308000003, 12529.216308000003, 12243.679199000002, 12243.679199000002, 12243.679199000002, 12243.679199000002, 12243.679199000002, 12365.147949000002, 12527.358886000002, 12527.358886000002, 12527.358886000002, 12527.358886000002, 12527.358886000002, 12527.358886000002, 12527.358886000002, 12527.358886000002, 12245.910643000003, 12245.910643000003, 12245.910643000003, 12245.910643000003, 12008.120604000003, 12008.120604000003, 12008.120604000003, 12008.120604000003, 12040.430174000003, 12040.430174000003, 11688.326658000004, 11688.326658000004, 11688.326658000004, 11712.588377000004, 11719.822752000004, 11719.822752000004, 11719.822752000004, 11719.822752000004, 11719.822752000004, 11719.822752000004, 11719.822752000004, 11719.822752000004, 11719.822752000004, 11719.822752000004, 11719.822752000004, 11719.822752000004, 11719.822752000004, 11719.822752000004, 11719.822752000004, 11719.822752000004, 11719.822752000004, 11835.789549000003, 11835.789549000003, 11835.789549000003, 11835.789549000003, 11835.789549000003, 11923.889159000002, 11923.889159000002, 11923.889159000002, 12104.594237000003, 12104.594237000003, 12104.594237000003, 12104.594237000003, 12104.594237000003, 13015.206542000004, 13179.462402000003, 13179.462402000003, 13002.974121000003, 12926.084472000004, 12926.084472000004, 13505.061034000004, 13505.061034000004, 13338.477049000005, 13338.477049000005, 13338.477049000005, 13338.477049000005, 13338.477049000005, 13338.477049000005, 13338.477049000005, 14784.592284000008, 14784.592284000008, 14784.592284000008, 14784.592284000008, 14637.312011000007, 14637.312011000007, 15047.742675000007, 15047.742675000007, 15047.742675000007, 15047.742675000007, 15047.742675000007, 15808.276855000007, 15808.276855000007, 15808.276855000007, 15808.276855000007, 15004.046386000009, 14983.13037000001, 15255.360839000012, 15261.257323000013, 16003.70654200001, 16003.70654200001, 16003.70654200001, 16003.70654200001, 16608.187011000013, 17066.036620000013, 17066.036620000013, 17896.808104000014, 17896.808104000014, 17896.808104000014, 17896.808104000014, 18352.653807000013, 18543.59521300001, 18543.59521300001, 18543.59521300001, 18543.59521300001, 18543.59521300001, 18543.59521300001, 18543.59521300001, 18543.59521300001, 18543.59521300001, 18543.59521300001, 18543.59521300001, 20040.405759000012, 20040.405759000012, 20040.405759000012, 20040.405759000012, 20040.405759000012, 21029.395993000013, 21029.395993000013, 21029.395993000013, 21029.395993000013, 22789.417477000014, 22622.339352000014, 22622.339352000014, 22341.71239900002, 22341.71239900002, 22341.71239900002, 21961.569821000023, 24712.382321000023, 24059.76708600002, 24059.76708600002, 26075.155758000015, 26075.155758000015, 26075.155758000015, 26075.155758000015, 26609.249508000015, 28507.026852000017, 25727.151852000017, 24133.753415000014, 24133.753415000014, 25995.972165000014, 25995.972165000014, 25995.972165000014, 25623.60107100002, 25623.60107100002, 25623.60107100002, 26125.964352000017, 26125.964352000017, 26125.964352000017, 26125.964352000017, 26350.966305000024, 26350.966305000024, 26350.966305000024, 28482.448727000028]}